0 verbose cli /usr/local/bin/node /usr/local/bin/npm
1 info using npm@11.6.2
2 info using node@v25.3.0
3 silly config load:file:/usr/local/lib/node_modules/npm/npmrc
4 silly config load:file:/Users/mhgagana/Documents/Safety-on-Speed/.npmrc
5 silly config load:file:/Users/mhgagana/.npmrc
6 silly config load:file:/usr/local/etc/npmrc
7 verbose title npm install
8 verbose argv "install" "--cache" ".npm-cache"
9 verbose logfile logs-max:10 dir:/Users/mhgagana/Documents/Safety-on-Speed/.npm-cache/_logs/2026-03-20T09_48_33_956Z-
10 verbose logfile /Users/mhgagana/Documents/Safety-on-Speed/.npm-cache/_logs/2026-03-20T09_48_33_956Z-debug-0.log
11 silly logfile done cleaning log files
12 silly packumentCache heap:4496293888 maxSize:1124073472 maxEntrySize:562036736
13 verbose shrinkwrap failed to load node_modules/.package-lock.json out of date, updated: node_modules
14 silly idealTree buildDeps
15 silly reify mark retired [
15 silly reify   '/Users/mhgagana/Documents/Safety-on-Speed/node_modules/acorn',
15 silly reify   '/Users/mhgagana/Documents/Safety-on-Speed/node_modules/.bin/acorn'
15 silly reify ]
16 silly reify mark retired [ '/Users/mhgagana/Documents/Safety-on-Speed/node_modules/ajv' ]
17 silly reify mark retired [
17 silly reify   '/Users/mhgagana/Documents/Safety-on-Speed/node_modules/babel-plugin-polyfill-corejs2'
17 silly reify ]
18 silly reify mark retired [
18 silly reify   '/Users/mhgagana/Documents/Safety-on-Speed/node_modules/babel-plugin-polyfill-corejs3'
18 silly reify ]
19 silly reify mark retired [
19 silly reify   '/Users/mhgagana/Documents/Safety-on-Speed/node_modules/babel-plugin-polyfill-regenerator'
19 silly reify ]
20 silly reify mark retired [
20 silly reify   '/Users/mhgagana/Documents/Safety-on-Speed/node_modules/babel-plugin-syntax-hermes-parser'
20 silly reify ]
21 silly reify mark retired [
21 silly reify   '/Users/mhgagana/Documents/Safety-on-Speed/node_modules/babel-preset-expo/node_modules/babel-plugin-syntax-hermes-parser'
21 silly reify ]
22 silly reify mark retired [
22 silly reify   '/Users/mhgagana/Documents/Safety-on-Speed/node_modules/babel-preset-expo/node_modules/glob'
22 silly reify ]
23 silly reify mark retired [
23 silly reify   '/Users/mhgagana/Documents/Safety-on-Speed/node_modules/babel-preset-expo/node_modules/hermes-estree'
23 silly reify ]
24 silly reify mark retired [
24 silly reify   '/Users/mhgagana/Documents/Safety-on-Speed/node_modules/babel-preset-expo/node_modules/hermes-parser'
24 silly reify ]
25 silly reify mark retired [
25 silly reify   '/Users/mhgagana/Documents/Safety-on-Speed/node_modules/babel-preset-expo/node_modules/@react-native/babel-preset'
25 silly reify ]
26 silly reify mark retired [
26 silly reify   '/Users/mhgagana/Documents/Safety-on-Speed/node_modules/babel-preset-expo/node_modules/@react-native/babel-plugin-codegen'
26 silly reify ]
27 silly reify mark retired [
27 silly reify   '/Users/mhgagana/Documents/Safety-on-Speed/node_modules/babel-preset-expo/node_modules/@react-native/codegen'
27 silly reify ]
28 silly reify mark retired [
28 silly reify   '/Users/mhgagana/Documents/Safety-on-Speed/node_modules/baseline-browser-mapping',
28 silly reify   '/Users/mhgagana/Documents/Safety-on-Speed/node_modules/.bin/baseline-browser-mapping'
28 silly reify ]
29 silly reify mark retired [
29 silly reify   '/Users/mhgagana/Documents/Safety-on-Speed/node_modules/body-parser'
29 silly reify ]
30 silly reify mark retired [
30 silly reify   '/Users/mhgagana/Documents/Safety-on-Speed/node_modules/caniuse-lite'
30 silly reify ]
31 silly reify mark retired [
31 silly reify   '/Users/mhgagana/Documents/Safety-on-Speed/node_modules/comment-json'
31 silly reify ]
32 silly reify mark retired [
32 silly reify   '/Users/mhgagana/Documents/Safety-on-Speed/node_modules/core-js-compat'
32 silly reify ]
33 silly reify mark retired [
33 silly reify   '/Users/mhgagana/Documents/Safety-on-Speed/node_modules/cosmiconfig'
33 silly reify ]
34 silly reify mark retired [ '/Users/mhgagana/Documents/Safety-on-Speed/node_modules/dayjs' ]
35 silly reify mark retired [
35 silly reify   '/Users/mhgagana/Documents/Safety-on-Speed/node_modules/electron-to-chromium'
35 silly reify ]
36 silly reify mark retired [
36 silly reify   '/Users/mhgagana/Documents/Safety-on-Speed/node_modules/es-iterator-helpers'
36 silly reify ]
37 silly reify mark retired [
37 silly reify   '/Users/mhgagana/Documents/Safety-on-Speed/node_modules/eslint',
37 silly reify   '/Users/mhgagana/Documents/Safety-on-Speed/node_modules/.bin/eslint'
37 silly reify ]
38 silly reify mark retired [
38 silly reify   '/Users/mhgagana/Documents/Safety-on-Speed/node_modules/eslint-plugin-react/node_modules/resolve',
38 silly reify   '/Users/mhgagana/Documents/Safety-on-Speed/node_modules/eslint-plugin-react/node_modules/.bin/resolve'
38 silly reify ]
39 silly reify mark retired [
39 silly reify   '/Users/mhgagana/Documents/Safety-on-Speed/node_modules/expo/node_modules/glob'
39 silly reify ]
40 silly reify mark retired [
40 silly reify   '/Users/mhgagana/Documents/Safety-on-Speed/node_modules/expo/node_modules/lru-cache'
40 silly reify ]
41 silly reify mark retired [
41 silly reify   '/Users/mhgagana/Documents/Safety-on-Speed/node_modules/expo/node_modules/path-scurry'
41 silly reify ]
42 silly reify mark retired [
42 silly reify   '/Users/mhgagana/Documents/Safety-on-Speed/node_modules/expo-speech-recognition'
42 silly reify ]
43 silly reify mark retired [
43 silly reify   '/Users/mhgagana/Documents/Safety-on-Speed/node_modules/fast-xml-builder'
43 silly reify ]
44 silly reify mark retired [
44 silly reify   '/Users/mhgagana/Documents/Safety-on-Speed/node_modules/fast-xml-parser',
44 silly reify   '/Users/mhgagana/Documents/Safety-on-Speed/node_modules/.bin/fxparser'
44 silly reify ]
45 silly reify mark retired [ '/Users/mhgagana/Documents/Safety-on-Speed/node_modules/flatted' ]
46 silly reify mark retired [
46 silly reify   '/Users/mhgagana/Documents/Safety-on-Speed/node_modules/get-tsconfig'
46 silly reify ]
47 silly reify mark retired [ '/Users/mhgagana/Documents/Safety-on-Speed/node_modules/glob' ]
48 silly reify mark retired [
48 silly reify   '/Users/mhgagana/Documents/Safety-on-Speed/node_modules/hermes-parser'
48 silly reify ]
49 silly reify mark retired [
49 silly reify   '/Users/mhgagana/Documents/Safety-on-Speed/node_modules/hermes-estree'
49 silly reify ]
50 silly reify mark retired [ '/Users/mhgagana/Documents/Safety-on-Speed/node_modules/i18next' ]
51 silly reify mark retired [ '/Users/mhgagana/Documents/Safety-on-Speed/node_modules/iconv-lite' ]
52 silly reify mark retired [
52 silly reify   '/Users/mhgagana/Documents/Safety-on-Speed/node_modules/is-bun-module/node_modules/semver',
52 silly reify   '/Users/mhgagana/Documents/Safety-on-Speed/node_modules/is-bun-module/node_modules/.bin/semver'
52 silly reify ]
53 silly reify mark retired [
53 silly reify   '/Users/mhgagana/Documents/Safety-on-Speed/node_modules/jest-expo',
53 silly reify   '/Users/mhgagana/Documents/Safety-on-Speed/node_modules/.bin/jest'
53 silly reify ]
54 silly reify mark retired [
54 silly reify   '/Users/mhgagana/Documents/Safety-on-Speed/node_modules/launch-editor'
54 silly reify ]
55 silly reify mark retired [ '/Users/mhgagana/Documents/Safety-on-Speed/node_modules/lodash' ]
56 silly reify mark retired [
56 silly reify   '/Users/mhgagana/Documents/Safety-on-Speed/node_modules/maplibre-gl'
56 silly reify ]
57 silly reify mark retired [
57 silly reify   '/Users/mhgagana/Documents/Safety-on-Speed/node_modules/media-typer'
57 silly reify ]
58 silly reify mark retired [ '/Users/mhgagana/Documents/Safety-on-Speed/node_modules/minimatch' ]
59 silly reify mark retired [ '/Users/mhgagana/Documents/Safety-on-Speed/node_modules/minipass' ]
60 silly reify mark retired [ '/Users/mhgagana/Documents/Safety-on-Speed/node_modules/nativewind' ]
61 silly reify mark retired [
61 silly reify   '/Users/mhgagana/Documents/Safety-on-Speed/node_modules/node-exports-info'
61 silly reify ]
62 silly reify mark retired [
62 silly reify   '/Users/mhgagana/Documents/Safety-on-Speed/node_modules/node-releases'
62 silly reify ]
63 silly reify mark retired [
63 silly reify   '/Users/mhgagana/Documents/Safety-on-Speed/node_modules/path-expression-matcher'
63 silly reify ]
64 silly reify mark retired [
64 silly reify   '/Users/mhgagana/Documents/Safety-on-Speed/node_modules/path-scurry'
64 silly reify ]
65 silly reify mark retired [ '/Users/mhgagana/Documents/Safety-on-Speed/node_modules/qs' ]
66 silly reify mark retired [ '/Users/mhgagana/Documents/Safety-on-Speed/node_modules/react-is' ]
67 silly reify mark retired [
67 silly reify   '/Users/mhgagana/Documents/Safety-on-Speed/node_modules/react-native/node_modules/babel-plugin-syntax-hermes-parser'
67 silly reify ]
68 silly reify mark retired [
68 silly reify   '/Users/mhgagana/Documents/Safety-on-Speed/node_modules/react-native/node_modules/hermes-estree'
68 silly reify ]
69 silly reify mark retired [
69 silly reify   '/Users/mhgagana/Documents/Safety-on-Speed/node_modules/react-native/node_modules/hermes-parser'
69 silly reify ]
70 silly reify mark retired [
70 silly reify   '/Users/mhgagana/Documents/Safety-on-Speed/node_modules/react-native/node_modules/semver',
70 silly reify   '/Users/mhgagana/Documents/Safety-on-Speed/node_modules/react-native/node_modules/.bin/semver'
70 silly reify ]
71 silly reify mark retired [
71 silly reify   '/Users/mhgagana/Documents/Safety-on-Speed/node_modules/react-native/node_modules/@react-native/codegen'
71 silly reify ]
72 silly reify mark retired [
72 silly reify   '/Users/mhgagana/Documents/Safety-on-Speed/node_modules/react-native-css-interop'
72 silly reify ]
73 silly reify mark retired [ '/Users/mhgagana/Documents/Safety-on-Speed/node_modules/raw-body' ]
74 silly reify mark retired [
74 silly reify   '/Users/mhgagana/Documents/Safety-on-Speed/node_modules/react-native-is-edge-to-edge'
74 silly reify ]
75 silly reify mark retired [ '/Users/mhgagana/Documents/Safety-on-Speed/node_modules/sax' ]
76 silly reify mark retired [
76 silly reify   '/Users/mhgagana/Documents/Safety-on-Speed/node_modules/strict-url-sanitise'
76 silly reify ]
77 silly reify mark retired [ '/Users/mhgagana/Documents/Safety-on-Speed/node_modules/strnum' ]
78 silly reify mark retired [
78 silly reify   '/Users/mhgagana/Documents/Safety-on-Speed/node_modules/svgo',
78 silly reify   '/Users/mhgagana/Documents/Safety-on-Speed/node_modules/.bin/svgo'
78 silly reify ]
79 silly reify mark retired [ '/Users/mhgagana/Documents/Safety-on-Speed/node_modules/type-is' ]
80 silly reify mark retired [ '/Users/mhgagana/Documents/Safety-on-Speed/node_modules/undici' ]
81 silly reify mark retired [
81 silly reify   '/Users/mhgagana/Documents/Safety-on-Speed/node_modules/undici-types'
81 silly reify ]
82 silly reify mark retired [
82 silly reify   '/Users/mhgagana/Documents/Safety-on-Speed/node_modules/@babel/code-frame'
82 silly reify ]
83 silly reify mark retired [
83 silly reify   '/Users/mhgagana/Documents/Safety-on-Speed/node_modules/@babel/core'
83 silly reify ]
84 silly reify mark retired [
84 silly reify   '/Users/mhgagana/Documents/Safety-on-Speed/node_modules/@babel/compat-data'
84 silly reify ]
85 silly reify mark retired [
85 silly reify   '/Users/mhgagana/Documents/Safety-on-Speed/node_modules/@babel/generator'
85 silly reify ]
86 silly reify mark retired [
86 silly reify   '/Users/mhgagana/Documents/Safety-on-Speed/node_modules/@babel/helper-define-polyfill-provider'
86 silly reify ]
87 silly reify mark retired [
87 silly reify   '/Users/mhgagana/Documents/Safety-on-Speed/node_modules/@babel/parser',
87 silly reify   '/Users/mhgagana/Documents/Safety-on-Speed/node_modules/.bin/parser'
87 silly reify ]
88 silly reify mark retired [
88 silly reify   '/Users/mhgagana/Documents/Safety-on-Speed/node_modules/@babel/plugin-proposal-decorators'
88 silly reify ]
89 silly reify mark retired [
89 silly reify   '/Users/mhgagana/Documents/Safety-on-Speed/node_modules/@babel/plugin-transform-async-generator-functions'
89 silly reify ]
90 silly reify mark retired [
90 silly reify   '/Users/mhgagana/Documents/Safety-on-Speed/node_modules/@babel/plugin-transform-duplicate-named-capturing-groups-regex'
90 silly reify ]
91 silly reify mark retired [
91 silly reify   '/Users/mhgagana/Documents/Safety-on-Speed/node_modules/@babel/plugin-transform-modules-systemjs'
91 silly reify ]
92 silly reify mark retired [
92 silly reify   '/Users/mhgagana/Documents/Safety-on-Speed/node_modules/@babel/plugin-transform-named-capturing-groups-regex'
92 silly reify ]
93 silly reify mark retired [
93 silly reify   '/Users/mhgagana/Documents/Safety-on-Speed/node_modules/@babel/plugin-transform-regenerator'
93 silly reify ]
94 silly reify mark retired [
94 silly reify   '/Users/mhgagana/Documents/Safety-on-Speed/node_modules/@babel/plugin-transform-runtime'
94 silly reify ]
95 silly reify mark retired [
95 silly reify   '/Users/mhgagana/Documents/Safety-on-Speed/node_modules/@babel/preset-env'
95 silly reify ]
96 silly reify mark retired [
96 silly reify   '/Users/mhgagana/Documents/Safety-on-Speed/node_modules/@babel/traverse--for-generate-function-map'
96 silly reify ]
97 silly reify mark retired [
97 silly reify   '/Users/mhgagana/Documents/Safety-on-Speed/node_modules/@babel/traverse'
97 silly reify ]
98 silly reify mark retired [
98 silly reify   '/Users/mhgagana/Documents/Safety-on-Speed/node_modules/@babel/types'
98 silly reify ]
99 silly reify mark retired [
99 silly reify   '/Users/mhgagana/Documents/Safety-on-Speed/node_modules/@eslint/config-array'
99 silly reify ]
100 silly reify mark retired [ '/Users/mhgagana/Documents/Safety-on-Speed/node_modules/@eslint/js' ]
101 silly reify mark retired [
101 silly reify   '/Users/mhgagana/Documents/Safety-on-Speed/node_modules/@eslint/eslintrc'
101 silly reify ]
102 silly reify mark retired [ '/Users/mhgagana/Documents/Safety-on-Speed/node_modules/@expo/env' ]
103 silly reify mark retired [
103 silly reify   '/Users/mhgagana/Documents/Safety-on-Speed/node_modules/@expo/config-plugins/node_modules/brace-expansion'
103 silly reify ]
104 silly reify mark retired [
104 silly reify   '/Users/mhgagana/Documents/Safety-on-Speed/node_modules/@expo/config-plugins/node_modules/balanced-match'
104 silly reify ]
105 silly reify mark retired [
105 silly reify   '/Users/mhgagana/Documents/Safety-on-Speed/node_modules/@expo/config-plugins/node_modules/glob'
105 silly reify ]
106 silly reify mark retired [
106 silly reify   '/Users/mhgagana/Documents/Safety-on-Speed/node_modules/@expo/config-plugins/node_modules/path-scurry'
106 silly reify ]
107 silly reify mark retired [
107 silly reify   '/Users/mhgagana/Documents/Safety-on-Speed/node_modules/@expo/config-plugins/node_modules/minimatch'
107 silly reify ]
108 silly reify mark retired [
108 silly reify   '/Users/mhgagana/Documents/Safety-on-Speed/node_modules/@expo/config-plugins/node_modules/lru-cache'
108 silly reify ]
109 silly reify mark retired [
109 silly reify   '/Users/mhgagana/Documents/Safety-on-Speed/node_modules/@expo/config-plugins/node_modules/semver',
109 silly reify   '/Users/mhgagana/Documents/Safety-on-Speed/node_modules/@expo/config-plugins/node_modules/.bin/semver'
109 silly reify ]
110 silly reify mark retired [
110 silly reify   '/Users/mhgagana/Documents/Safety-on-Speed/node_modules/@expo/config/node_modules/balanced-match'
110 silly reify ]
111 silly reify mark retired [
111 silly reify   '/Users/mhgagana/Documents/Safety-on-Speed/node_modules/@expo/config/node_modules/brace-expansion'
111 silly reify ]
112 silly reify mark retired [
112 silly reify   '/Users/mhgagana/Documents/Safety-on-Speed/node_modules/@expo/config/node_modules/glob'
112 silly reify ]
113 silly reify mark retired [
113 silly reify   '/Users/mhgagana/Documents/Safety-on-Speed/node_modules/@expo/config/node_modules/lru-cache'
113 silly reify ]
114 silly reify mark retired [
114 silly reify   '/Users/mhgagana/Documents/Safety-on-Speed/node_modules/@expo/config/node_modules/minimatch'
114 silly reify ]
115 silly reify mark retired [
115 silly reify   '/Users/mhgagana/Documents/Safety-on-Speed/node_modules/@expo/config/node_modules/semver',
115 silly reify   '/Users/mhgagana/Documents/Safety-on-Speed/node_modules/@expo/config/node_modules/.bin/semver'
115 silly reify ]
116 silly reify mark retired [
116 silly reify   '/Users/mhgagana/Documents/Safety-on-Speed/node_modules/@expo/config/node_modules/path-scurry'
116 silly reify ]
117 silly reify mark retired [
117 silly reify   '/Users/mhgagana/Documents/Safety-on-Speed/node_modules/@expo/image-utils'
117 silly reify ]
118 silly reify mark retired [
118 silly reify   '/Users/mhgagana/Documents/Safety-on-Speed/node_modules/@expo/fingerprint/node_modules/glob'
118 silly reify ]
119 silly reify mark retired [
119 silly reify   '/Users/mhgagana/Documents/Safety-on-Speed/node_modules/@expo/fingerprint/node_modules/lru-cache'
119 silly reify ]
120 silly reify mark retired [
120 silly reify   '/Users/mhgagana/Documents/Safety-on-Speed/node_modules/@expo/fingerprint/node_modules/path-scurry'
120 silly reify ]
121 silly reify mark retired [
121 silly reify   '/Users/mhgagana/Documents/Safety-on-Speed/node_modules/@expo/fingerprint/node_modules/minimatch'
121 silly reify ]
122 silly reify mark retired [
122 silly reify   '/Users/mhgagana/Documents/Safety-on-Speed/node_modules/@expo/fingerprint/node_modules/semver',
122 silly reify   '/Users/mhgagana/Documents/Safety-on-Speed/node_modules/@expo/fingerprint/node_modules/.bin/semver'
122 silly reify ]
123 silly reify mark retired [
123 silly reify   '/Users/mhgagana/Documents/Safety-on-Speed/node_modules/@expo/metro-config/node_modules/hermes-parser'
123 silly reify ]
124 silly reify mark retired [
124 silly reify   '/Users/mhgagana/Documents/Safety-on-Speed/node_modules/@expo/metro-config/node_modules/glob'
124 silly reify ]
125 silly reify mark retired [
125 silly reify   '/Users/mhgagana/Documents/Safety-on-Speed/node_modules/@expo/metro-config/node_modules/lru-cache'
125 silly reify ]
126 silly reify mark retired [
126 silly reify   '/Users/mhgagana/Documents/Safety-on-Speed/node_modules/@expo/metro-config/node_modules/path-scurry'
126 silly reify ]
127 silly reify mark retired [
127 silly reify   '/Users/mhgagana/Documents/Safety-on-Speed/node_modules/@expo/metro-config/node_modules/hermes-estree'
127 silly reify ]
128 silly reify mark retired [
128 silly reify   '/Users/mhgagana/Documents/Safety-on-Speed/node_modules/@expo/prebuild-config/node_modules/semver',
128 silly reify   '/Users/mhgagana/Documents/Safety-on-Speed/node_modules/@expo/prebuild-config/node_modules/.bin/semver'
128 silly reify ]
129 silly reify mark retired [
129 silly reify   '/Users/mhgagana/Documents/Safety-on-Speed/node_modules/@expo/require-utils'
129 silly reify ]
130 silly reify mark retired [
130 silly reify   '/Users/mhgagana/Documents/Safety-on-Speed/node_modules/@expo/vector-icons'
130 silly reify ]
131 silly reify mark retired [
131 silly reify   '/Users/mhgagana/Documents/Safety-on-Speed/node_modules/@jest/diff-sequences'
131 silly reify ]
132 silly reify mark retired [
132 silly reify   '/Users/mhgagana/Documents/Safety-on-Speed/node_modules/@maplibre/geojson-vt'
132 silly reify ]
133 silly reify mark retired [
133 silly reify   '/Users/mhgagana/Documents/Safety-on-Speed/node_modules/@maplibre/mlt'
133 silly reify ]
134 silly reify mark retired [
134 silly reify   '/Users/mhgagana/Documents/Safety-on-Speed/node_modules/@react-native/babel-plugin-codegen'
134 silly reify ]
135 silly reify mark retired [
135 silly reify   '/Users/mhgagana/Documents/Safety-on-Speed/node_modules/@react-native/community-cli-plugin/node_modules/semver',
135 silly reify   '/Users/mhgagana/Documents/Safety-on-Speed/node_modules/@react-native/community-cli-plugin/node_modules/.bin/semver'
135 silly reify ]
136 silly reify mark retired [
136 silly reify   '/Users/mhgagana/Documents/Safety-on-Speed/node_modules/@react-native/babel-preset'
136 silly reify ]
137 silly reify mark retired [
137 silly reify   '/Users/mhgagana/Documents/Safety-on-Speed/node_modules/@react-native/codegen'
137 silly reify ]
138 silly reify mark retired [
138 silly reify   '/Users/mhgagana/Documents/Safety-on-Speed/node_modules/@react-native-voice/voice'
138 silly reify ]
139 silly reify mark retired [
139 silly reify   '/Users/mhgagana/Documents/Safety-on-Speed/node_modules/@react-native-community/cli',
139 silly reify   '/Users/mhgagana/Documents/Safety-on-Speed/node_modules/.bin/rnc-cli'
139 silly reify ]
140 silly reify mark retired [
140 silly reify   '/Users/mhgagana/Documents/Safety-on-Speed/node_modules/@react-native-community/cli-config'
140 silly reify ]
141 silly reify mark retired [
141 silly reify   '/Users/mhgagana/Documents/Safety-on-Speed/node_modules/@react-native-community/cli-clean'
141 silly reify ]
142 silly reify mark retired [
142 silly reify   '/Users/mhgagana/Documents/Safety-on-Speed/node_modules/@react-native-community/cli-config-android'
142 silly reify ]
143 silly reify mark retired [
143 silly reify   '/Users/mhgagana/Documents/Safety-on-Speed/node_modules/@react-native-community/cli-doctor'
143 silly reify ]
144 silly reify mark retired [
144 silly reify   '/Users/mhgagana/Documents/Safety-on-Speed/node_modules/@react-native-community/cli-config-apple'
144 silly reify ]
145 silly reify mark retired [
145 silly reify   '/Users/mhgagana/Documents/Safety-on-Speed/node_modules/@react-native-community/cli-platform-android'
145 silly reify ]
146 silly reify mark retired [
146 silly reify   '/Users/mhgagana/Documents/Safety-on-Speed/node_modules/@react-navigation/bottom-tabs'
146 silly reify ]
147 silly reify mark retired [
147 silly reify   '/Users/mhgagana/Documents/Safety-on-Speed/node_modules/@react-native-community/cli-server-api'
147 silly reify ]
148 silly reify mark retired [
148 silly reify   '/Users/mhgagana/Documents/Safety-on-Speed/node_modules/@react-native-community/cli-platform-apple'
148 silly reify ]
149 silly reify mark retired [
149 silly reify   '/Users/mhgagana/Documents/Safety-on-Speed/node_modules/@react-native-community/cli-tools'
149 silly reify ]
150 silly reify mark retired [
150 silly reify   '/Users/mhgagana/Documents/Safety-on-Speed/node_modules/@react-native-community/cli-types'
150 silly reify ]
151 silly reify mark retired [
151 silly reify   '/Users/mhgagana/Documents/Safety-on-Speed/node_modules/@sinclair/typebox'
151 silly reify ]
152 silly reify mark retired [
152 silly reify   '/Users/mhgagana/Documents/Safety-on-Speed/node_modules/@supabase/auth-js'
152 silly reify ]
153 silly reify mark retired [
153 silly reify   '/Users/mhgagana/Documents/Safety-on-Speed/node_modules/@supabase/postgrest-js'
153 silly reify ]
154 silly reify mark retired [
154 silly reify   '/Users/mhgagana/Documents/Safety-on-Speed/node_modules/@supabase/functions-js'
154 silly reify ]
155 silly reify mark retired [
155 silly reify   '/Users/mhgagana/Documents/Safety-on-Speed/node_modules/@supabase/realtime-js'
155 silly reify ]
156 silly reify mark retired [
156 silly reify   '/Users/mhgagana/Documents/Safety-on-Speed/node_modules/@supabase/storage-js'
156 silly reify ]
157 silly reify mark retired [
157 silly reify   '/Users/mhgagana/Documents/Safety-on-Speed/node_modules/@supabase/supabase-js'
157 silly reify ]
158 silly reify mark retired [
158 silly reify   '/Users/mhgagana/Documents/Safety-on-Speed/node_modules/@testing-library/react-native/node_modules/pretty-format'
158 silly reify ]
159 silly reify mark retired [
159 silly reify   '/Users/mhgagana/Documents/Safety-on-Speed/node_modules/@testing-library/react-native/node_modules/jest-diff'
159 silly reify ]
160 silly reify mark retired [
160 silly reify   '/Users/mhgagana/Documents/Safety-on-Speed/node_modules/@testing-library/react-native/node_modules/jest-matcher-utils'
160 silly reify ]
161 silly reify mark retired [
161 silly reify   '/Users/mhgagana/Documents/Safety-on-Speed/node_modules/@types/node'
161 silly reify ]
162 silly reify mark retired [
162 silly reify   '/Users/mhgagana/Documents/Safety-on-Speed/node_modules/@typescript-eslint/eslint-plugin'
162 silly reify ]
163 silly reify mark retired [
163 silly reify   '/Users/mhgagana/Documents/Safety-on-Speed/node_modules/@typescript-eslint/parser'
163 silly reify ]
164 silly reify mark retired [
164 silly reify   '/Users/mhgagana/Documents/Safety-on-Speed/node_modules/@typescript-eslint/project-service'
164 silly reify ]
165 silly reify mark retired [
165 silly reify   '/Users/mhgagana/Documents/Safety-on-Speed/node_modules/@typescript-eslint/scope-manager'
165 silly reify ]
166 silly reify mark retired [
166 silly reify   '/Users/mhgagana/Documents/Safety-on-Speed/node_modules/@react-native-community/cli-platform-ios'
166 silly reify ]
167 silly reify mark retired [
167 silly reify   '/Users/mhgagana/Documents/Safety-on-Speed/node_modules/@typescript-eslint/types'
167 silly reify ]
168 silly reify mark retired [
168 silly reify   '/Users/mhgagana/Documents/Safety-on-Speed/node_modules/@typescript-eslint/type-utils'
168 silly reify ]
169 silly reify mark retired [
169 silly reify   '/Users/mhgagana/Documents/Safety-on-Speed/node_modules/@typescript-eslint/tsconfig-utils'
169 silly reify ]
170 silly reify mark retired [
170 silly reify   '/Users/mhgagana/Documents/Safety-on-Speed/node_modules/@typescript-eslint/typescript-estree'
170 silly reify ]
171 silly reify mark retired [
171 silly reify   '/Users/mhgagana/Documents/Safety-on-Speed/node_modules/@typescript-eslint/utils'
171 silly reify ]
172 silly reify mark retired [
172 silly reify   '/Users/mhgagana/Documents/Safety-on-Speed/node_modules/@typescript-eslint/visitor-keys'
172 silly reify ]
173 silly reify moves {
173 silly reify   '/Users/mhgagana/Documents/Safety-on-Speed/node_modules/acorn': '/Users/mhgagana/Documents/Safety-on-Speed/node_modules/.acorn-oU9dZRDK',
173 silly reify   '/Users/mhgagana/Documents/Safety-on-Speed/node_modules/.bin/acorn': '/Users/mhgagana/Documents/Safety-on-Speed/node_modules/.bin/.acorn-2jq1BKQU',
173 silly reify   '/Users/mhgagana/Documents/Safety-on-Speed/node_modules/ajv': '/Users/mhgagana/Documents/Safety-on-Speed/node_modules/.ajv-oTb1Bnf4',
173 silly reify   '/Users/mhgagana/Documents/Safety-on-Speed/node_modules/babel-plugin-polyfill-corejs2': '/Users/mhgagana/Documents/Safety-on-Speed/node_modules/.babel-plugin-polyfill-corejs2-nFJNbFWQ',
173 silly reify   '/Users/mhgagana/Documents/Safety-on-Speed/node_modules/babel-plugin-polyfill-corejs3': '/Users/mhgagana/Documents/Safety-on-Speed/node_modules/.babel-plugin-polyfill-corejs3-KrIYtEHS',
173 silly reify   '/Users/mhgagana/Documents/Safety-on-Speed/node_modules/babel-plugin-polyfill-regenerator': '/Users/mhgagana/Documents/Safety-on-Speed/node_modules/.babel-plugin-polyfill-regenerator-zUv7Vml8',
173 silly reify   '/Users/mhgagana/Documents/Safety-on-Speed/node_modules/babel-plugin-syntax-hermes-parser': '/Users/mhgagana/Documents/Safety-on-Speed/node_modules/.babel-plugin-syntax-hermes-parser-5AJaJyjg',
173 silly reify   '/Users/mhgagana/Documents/Safety-on-Speed/node_modules/babel-preset-expo/node_modules/babel-plugin-syntax-hermes-parser': '/Users/mhgagana/Documents/Safety-on-Speed/node_modules/babel-preset-expo/node_modules/.babel-plugin-syntax-hermes-parser-Pr0VdcPU',
173 silly reify   '/Users/mhgagana/Documents/Safety-on-Speed/node_modules/babel-preset-expo/node_modules/glob': '/Users/mhgagana/Documents/Safety-on-Speed/node_modules/babel-preset-expo/node_modules/.glob-1uaIQzyi',
173 silly reify   '/Users/mhgagana/Documents/Safety-on-Speed/node_modules/babel-preset-expo/node_modules/hermes-estree': '/Users/mhgagana/Documents/Safety-on-Speed/node_modules/babel-preset-expo/node_modules/.hermes-estree-3USUakzO',
173 silly reify   '/Users/mhgagana/Documents/Safety-on-Speed/node_modules/babel-preset-expo/node_modules/hermes-parser': '/Users/mhgagana/Documents/Safety-on-Speed/node_modules/babel-preset-expo/node_modules/.hermes-parser-f0PzLH2b',
173 silly reify   '/Users/mhgagana/Documents/Safety-on-Speed/node_modules/babel-preset-expo/node_modules/@react-native/babel-preset': '/Users/mhgagana/Documents/Safety-on-Speed/node_modules/babel-preset-expo/node_modules/@react-native/.babel-preset-2jL1P6d0',
173 silly reify   '/Users/mhgagana/Documents/Safety-on-Speed/node_modules/babel-preset-expo/node_modules/@react-native/babel-plugin-codegen': '/Users/mhgagana/Documents/Safety-on-Speed/node_modules/babel-preset-expo/node_modules/@react-native/.babel-plugin-codegen-g4SE4Fte',
173 silly reify   '/Users/mhgagana/Documents/Safety-on-Speed/node_modules/babel-preset-expo/node_modules/@react-native/codegen': '/Users/mhgagana/Documents/Safety-on-Speed/node_modules/babel-preset-expo/node_modules/@react-native/.codegen-yuK9Excr',
173 silly reify   '/Users/mhgagana/Documents/Safety-on-Speed/node_modules/baseline-browser-mapping': '/Users/mhgagana/Documents/Safety-on-Speed/node_modules/.baseline-browser-mapping-o6OuK7lJ',
173 silly reify   '/Users/mhgagana/Documents/Safety-on-Speed/node_modules/.bin/baseline-browser-mapping': '/Users/mhgagana/Documents/Safety-on-Speed/node_modules/.bin/.baseline-browser-mapping-zF7MMueN',
173 silly reify   '/Users/mhgagana/Documents/Safety-on-Speed/node_modules/body-parser': '/Users/mhgagana/Documents/Safety-on-Speed/node_modules/.body-parser-Hh7CG6UI',
173 silly reify   '/Users/mhgagana/Documents/Safety-on-Speed/node_modules/caniuse-lite': '/Users/mhgagana/Documents/Safety-on-Speed/node_modules/.caniuse-lite-2ToKUWEb',
173 silly reify   '/Users/mhgagana/Documents/Safety-on-Speed/node_modules/comment-json': '/Users/mhgagana/Documents/Safety-on-Speed/node_modules/.comment-json-e3H9Yk0P',
173 silly reify   '/Users/mhgagana/Documents/Safety-on-Speed/node_modules/core-js-compat': '/Users/mhgagana/Documents/Safety-on-Speed/node_modules/.core-js-compat-i2padAKN',
173 silly reify   '/Users/mhgagana/Documents/Safety-on-Speed/node_modules/cosmiconfig': '/Users/mhgagana/Documents/Safety-on-Speed/node_modules/.cosmiconfig-ZKic0LP5',
173 silly reify   '/Users/mhgagana/Documents/Safety-on-Speed/node_modules/dayjs': '/Users/mhgagana/Documents/Safety-on-Speed/node_modules/.dayjs-OT8TMhEi',
173 silly reify   '/Users/mhgagana/Documents/Safety-on-Speed/node_modules/electron-to-chromium': '/Users/mhgagana/Documents/Safety-on-Speed/node_modules/.electron-to-chromium-78dRQHDK',
173 silly reify   '/Users/mhgagana/Documents/Safety-on-Speed/node_modules/es-iterator-helpers': '/Users/mhgagana/Documents/Safety-on-Speed/node_modules/.es-iterator-helpers-BGFF4YtV',
173 silly reify   '/Users/mhgagana/Documents/Safety-on-Speed/node_modules/eslint': '/Users/mhgagana/Documents/Safety-on-Speed/node_modules/.eslint-x0JQRrll',
173 silly reify   '/Users/mhgagana/Documents/Safety-on-Speed/node_modules/.bin/eslint': '/Users/mhgagana/Documents/Safety-on-Speed/node_modules/.bin/.eslint-ZlW3gsgm',
173 silly reify   '/Users/mhgagana/Documents/Safety-on-Speed/node_modules/eslint-plugin-react/node_modules/resolve': '/Users/mhgagana/Documents/Safety-on-Speed/node_modules/eslint-plugin-react/node_modules/.resolve-D9XzYnip',
173 silly reify   '/Users/mhgagana/Documents/Safety-on-Speed/node_modules/eslint-plugin-react/node_modules/.bin/resolve': '/Users/mhgagana/Documents/Safety-on-Speed/node_modules/eslint-plugin-react/node_modules/.bin/.resolve-k8dil48h',
173 silly reify   '/Users/mhgagana/Documents/Safety-on-Speed/node_modules/expo/node_modules/glob': '/Users/mhgagana/Documents/Safety-on-Speed/node_modules/expo/node_modules/.glob-VJ9JGXij',
173 silly reify   '/Users/mhgagana/Documents/Safety-on-Speed/node_modules/expo/node_modules/lru-cache': '/Users/mhgagana/Documents/Safety-on-Speed/node_modules/expo/node_modules/.lru-cache-pxwoYyA9',
173 silly reify   '/Users/mhgagana/Documents/Safety-on-Speed/node_modules/expo/node_modules/path-scurry': '/Users/mhgagana/Documents/Safety-on-Speed/node_modules/expo/node_modules/.path-scurry-ooBDass8',
173 silly reify   '/Users/mhgagana/Documents/Safety-on-Speed/node_modules/expo-speech-recognition': '/Users/mhgagana/Documents/Safety-on-Speed/node_modules/.expo-speech-recognition-FSwx0Xe6',
173 silly reify   '/Users/mhgagana/Documents/Safety-on-Speed/node_modules/fast-xml-builder': '/Users/mhgagana/Documents/Safety-on-Speed/node_modules/.fast-xml-builder-o6IWiUvY',
173 silly reify   '/Users/mhgagana/Documents/Safety-on-Speed/node_modules/fast-xml-parser': '/Users/mhgagana/Documents/Safety-on-Speed/node_modules/.fast-xml-parser-VDSaqYGX',
173 silly reify   '/Users/mhgagana/Documents/Safety-on-Speed/node_modules/.bin/fxparser': '/Users/mhgagana/Documents/Safety-on-Speed/node_modules/.bin/.fxparser-zf7kt0CL',
173 silly reify   '/Users/mhgagana/Documents/Safety-on-Speed/node_modules/flatted': '/Users/mhgagana/Documents/Safety-on-Speed/node_modules/.flatted-wZ9OO62q',
173 silly reify   '/Users/mhgagana/Documents/Safety-on-Speed/node_modules/get-tsconfig': '/Users/mhgagana/Documents/Safety-on-Speed/node_modules/.get-tsconfig-fsnOZsAa',
173 silly reify   '/Users/mhgagana/Documents/Safety-on-Speed/node_modules/glob': '/Users/mhgagana/Documents/Safety-on-Speed/node_modules/.glob-DcwuAFzG',
173 silly reify   '/Users/mhgagana/Documents/Safety-on-Speed/node_modules/hermes-parser': '/Users/mhgagana/Documents/Safety-on-Speed/node_modules/.hermes-parser-YWRqu8O7',
173 silly reify   '/Users/mhgagana/Documents/Safety-on-Speed/node_modules/hermes-estree': '/Users/mhgagana/Documents/Safety-on-Speed/node_modules/.hermes-estree-I7M6R1c2',
173 silly reify   '/Users/mhgagana/Documents/Safety-on-Speed/node_modules/i18next': '/Users/mhgagana/Documents/Safety-on-Speed/node_modules/.i18next-ufojzLsS',
173 silly reify   '/Users/mhgagana/Documents/Safety-on-Speed/node_modules/iconv-lite': '/Users/mhgagana/Documents/Safety-on-Speed/node_modules/.iconv-lite-bl2GPsCt',
173 silly reify   '/Users/mhgagana/Documents/Safety-on-Speed/node_modules/is-bun-module/node_modules/semver': '/Users/mhgagana/Documents/Safety-on-Speed/node_modules/is-bun-module/node_modules/.semver-hEuinCJP',
173 silly reify   '/Users/mhgagana/Documents/Safety-on-Speed/node_modules/is-bun-module/node_modules/.bin/semver': '/Users/mhgagana/Documents/Safety-on-Speed/node_modules/is-bun-module/node_modules/.bin/.semver-jfMb04i9',
173 silly reify   '/Users/mhgagana/Documents/Safety-on-Speed/node_modules/jest-expo': '/Users/mhgagana/Documents/Safety-on-Speed/node_modules/.jest-expo-orJhcQpO',
173 silly reify   '/Users/mhgagana/Documents/Safety-on-Speed/node_modules/.bin/jest': '/Users/mhgagana/Documents/Safety-on-Speed/node_modules/.bin/.jest-y324MjeM',
173 silly reify   '/Users/mhgagana/Documents/Safety-on-Speed/node_modules/launch-editor': '/Users/mhgagana/Documents/Safety-on-Speed/node_modules/.launch-editor-AjxRp3gG',
173 silly reify   '/Users/mhgagana/Documents/Safety-on-Speed/node_modules/lodash': '/Users/mhgagana/Documents/Safety-on-Speed/node_modules/.lodash-qSey0Tbx',
173 silly reify   '/Users/mhgagana/Documents/Safety-on-Speed/node_modules/maplibre-gl': '/Users/mhgagana/Documents/Safety-on-Speed/node_modules/.maplibre-gl-tExTpz8p',
173 silly reify   '/Users/mhgagana/Documents/Safety-on-Speed/node_modules/media-typer': '/Users/mhgagana/Documents/Safety-on-Speed/node_modules/.media-typer-heEHEN6X',
173 silly reify   '/Users/mhgagana/Documents/Safety-on-Speed/node_modules/minimatch': '/Users/mhgagana/Documents/Safety-on-Speed/node_modules/.minimatch-HaihiskR',
173 silly reify   '/Users/mhgagana/Documents/Safety-on-Speed/node_modules/minipass': '/Users/mhgagana/Documents/Safety-on-Speed/node_modules/.minipass-Takv1hGH',
173 silly reify   '/Users/mhgagana/Documents/Safety-on-Speed/node_modules/nativewind': '/Users/mhgagana/Documents/Safety-on-Speed/node_modules/.nativewind-uJO4FwcE',
173 silly reify   '/Users/mhgagana/Documents/Safety-on-Speed/node_modules/node-exports-info': '/Users/mhgagana/Documents/Safety-on-Speed/node_modules/.node-exports-info-OfMpnyqD',
173 silly reify   '/Users/mhgagana/Documents/Safety-on-Speed/node_modules/node-releases': '/Users/mhgagana/Documents/Safety-on-Speed/node_modules/.node-releases-L91SB5Mi',
173 silly reify   '/Users/mhgagana/Documents/Safety-on-Speed/node_modules/path-expression-matcher': '/Users/mhgagana/Documents/Safety-on-Speed/node_modules/.path-expression-matcher-eFUS7S9f',
173 silly reify   '/Users/mhgagana/Documents/Safety-on-Speed/node_modules/path-scurry': '/Users/mhgagana/Documents/Safety-on-Speed/node_modules/.path-scurry-uFAbkaGm',
173 silly reify   '/Users/mhgagana/Documents/Safety-on-Speed/node_modules/qs': '/Users/mhgagana/Documents/Safety-on-Speed/node_modules/.qs-VR5QGHF3',
173 silly reify   '/Users/mhgagana/Documents/Safety-on-Speed/node_modules/react-is': '/Users/mhgagana/Documents/Safety-on-Speed/node_modules/.react-is-mN9JbGz0',
173 silly reify   '/Users/mhgagana/Documents/Safety-on-Speed/node_modules/react-native/node_modules/babel-plugin-syntax-hermes-parser': '/Users/mhgagana/Documents/Safety-on-Speed/node_modules/react-native/node_modules/.babel-plugin-syntax-hermes-parser-9NceqKi3',
173 silly reify   '/Users/mhgagana/Documents/Safety-on-Speed/node_modules/react-native/node_modules/hermes-estree': '/Users/mhgagana/Documents/Safety-on-Speed/node_modules/react-native/node_modules/.hermes-estree-t3mPFFMW',
173 silly reify   '/Users/mhgagana/Documents/Safety-on-Speed/node_modules/react-native/node_modules/hermes-parser': '/Users/mhgagana/Documents/Safety-on-Speed/node_modules/react-native/node_modules/.hermes-parser-X9wMw9MB',
173 silly reify   '/Users/mhgagana/Documents/Safety-on-Speed/node_modules/react-native/node_modules/semver': '/Users/mhgagana/Documents/Safety-on-Speed/node_modules/react-native/node_modules/.semver-pK3ebajk',
173 silly reify   '/Users/mhgagana/Documents/Safety-on-Speed/node_modules/react-native/node_modules/.bin/semver': '/Users/mhgagana/Documents/Safety-on-Speed/node_modules/react-native/node_modules/.bin/.semver-vdJ3eZ9z',
173 silly reify   '/Users/mhgagana/Documents/Safety-on-Speed/node_modules/react-native/node_modules/@react-native/codegen': '/Users/mhgagana/Documents/Safety-on-Speed/node_modules/react-native/node_modules/@react-native/.codegen-MCGWv4eQ',
173 silly reify   '/Users/mhgagana/Documents/Safety-on-Speed/node_modules/react-native-css-interop': '/Users/mhgagana/Documents/Safety-on-Speed/node_modules/.react-native-css-interop-sueGT6dw',
173 silly reify   '/Users/mhgagana/Documents/Safety-on-Speed/node_modules/raw-body': '/Users/mhgagana/Documents/Safety-on-Speed/node_modules/.raw-body-rADrS6WT',
173 silly reify   '/Users/mhgagana/Documents/Safety-on-Speed/node_modules/react-native-is-edge-to-edge': '/Users/mhgagana/Documents/Safety-on-Speed/node_modules/.react-native-is-edge-to-edge-YU0ZDECr',
173 silly reify   '/Users/mhgagana/Documents/Safety-on-Speed/node_modules/sax': '/Users/mhgagana/Documents/Safety-on-Speed/node_modules/.sax-Qe1TGtqC',
173 silly reify   '/Users/mhgagana/Documents/Safety-on-Speed/node_modules/strict-url-sanitise': '/Users/mhgagana/Documents/Safety-on-Speed/node_modules/.strict-url-sanitise-iuqi0DKs',
173 silly reify   '/Users/mhgagana/Documents/Safety-on-Speed/node_modules/strnum': '/Users/mhgagana/Documents/Safety-on-Speed/node_modules/.strnum-PJCp3Mta',
173 silly reify   '/Users/mhgagana/Documents/Safety-on-Speed/node_modules/svgo': '/Users/mhgagana/Documents/Safety-on-Speed/node_modules/.svgo-8NOoOtBM',
173 silly reify   '/Users/mhgagana/Documents/Safety-on-Speed/node_modules/.bin/svgo': '/Users/mhgagana/Documents/Safety-on-Speed/node_modules/.bin/.svgo-6hqrFes5',
173 silly reify   '/Users/mhgagana/Documents/Safety-on-Speed/node_modules/type-is': '/Users/mhgagana/Documents/Safety-on-Speed/node_modules/.type-is-MunpZXJy',
173 silly reify   '/Users/mhgagana/Documents/Safety-on-Speed/node_modules/undici': '/Users/mhgagana/Documents/Safety-on-Speed/node_modules/.undici-4zV6aQ1F',
173 silly reify   '/Users/mhgagana/Documents/Safety-on-Speed/node_modules/undici-types': '/Users/mhgagana/Documents/Safety-on-Speed/node_modules/.undici-types-gwvZEF63',
173 silly reify   '/Users/mhgagana/Documents/Safety-on-Speed/node_modules/@babel/code-frame': '/Users/mhgagana/Documents/Safety-on-Speed/node_modules/@babel/.code-frame-sVfojuwK',
173 silly reify   '/Users/mhgagana/Documents/Safety-on-Speed/node_modules/@babel/core': '/Users/mhgagana/Documents/Safety-on-Speed/node_modules/@babel/.core-k1VkLsG7',
173 silly reify   '/Users/mhgagana/Documents/Safety-on-Speed/node_modules/@babel/compat-data': '/Users/mhgagana/Documents/Safety-on-Speed/node_modules/@babel/.compat-data-KmQGwkMd',
173 silly reify   '/Users/mhgagana/Documents/Safety-on-Speed/node_modules/@babel/generator': '/Users/mhgagana/Documents/Safety-on-Speed/node_modules/@babel/.generator-BG6FL5vI',
173 silly reify   '/Users/mhgagana/Documents/Safety-on-Speed/node_modules/@babel/helper-define-polyfill-provider': '/Users/mhgagana/Documents/Safety-on-Speed/node_modules/@babel/.helper-define-polyfill-provider-Q3uufKC9',
173 silly reify   '/Users/mhgagana/Documents/Safety-on-Speed/node_modules/@babel/parser': '/Users/mhgagana/Documents/Safety-on-Speed/node_modules/@babel/.parser-p9bCRrBR',
173 silly reify   '/Users/mhgagana/Documents/Safety-on-Speed/node_modules/.bin/parser': '/Users/mhgagana/Documents/Safety-on-Speed/node_modules/.bin/.parser-05W7QRGo',
173 silly reify   '/Users/mhgagana/Documents/Safety-on-Speed/node_modules/@babel/plugin-proposal-decorators': '/Users/mhgagana/Documents/Safety-on-Speed/node_modules/@babel/.plugin-proposal-decorators-KKw6i1t7',
173 silly reify   '/Users/mhgagana/Documents/Safety-on-Speed/node_modules/@babel/plugin-transform-async-generator-functions': '/Users/mhgagana/Documents/Safety-on-Speed/node_modules/@babel/.plugin-transform-async-generator-functions-plc2EVpx',
173 silly reify   '/Users/mhgagana/Documents/Safety-on-Speed/node_modules/@babel/plugin-transform-duplicate-named-capturing-groups-regex': '/Users/mhgagana/Documents/Safety-on-Speed/node_modules/@babel/.plugin-transform-duplicate-named-capturing-groups-regex-cd5J1WLw',
173 silly reify   '/Users/mhgagana/Documents/Safety-on-Speed/node_modules/@babel/plugin-transform-modules-systemjs': '/Users/mhgagana/Documents/Safety-on-Speed/node_modules/@babel/.plugin-transform-modules-systemjs-fV668Doh',
173 silly reify   '/Users/mhgagana/Documents/Safety-on-Speed/node_modules/@babel/plugin-transform-named-capturing-groups-regex': '/Users/mhgagana/Documents/Safety-on-Speed/node_modules/@babel/.plugin-transform-named-capturing-groups-regex-Rt60VseR',
173 silly reify   '/Users/mhgagana/Documents/Safety-on-Speed/node_modules/@babel/plugin-transform-regenerator': '/Users/mhgagana/Documents/Safety-on-Speed/node_modules/@babel/.plugin-transform-regenerator-M0tSj9Kq',
173 silly reify   '/Users/mhgagana/Documents/Safety-on-Speed/node_modules/@babel/plugin-transform-runtime': '/Users/mhgagana/Documents/Safety-on-Speed/node_modules/@babel/.plugin-transform-runtime-d7UYdQOm',
173 silly reify   '/Users/mhgagana/Documents/Safety-on-Speed/node_modules/@babel/preset-env': '/Users/mhgagana/Documents/Safety-on-Speed/node_modules/@babel/.preset-env-cPbKLA6a',
173 silly reify   '/Users/mhgagana/Documents/Safety-on-Speed/node_modules/@babel/traverse--for-generate-function-map': '/Users/mhgagana/Documents/Safety-on-Speed/node_modules/@babel/.traverse--for-generate-function-map-Bz8i1a5Z',
173 silly reify   '/Users/mhgagana/Documents/Safety-on-Speed/node_modules/@babel/traverse': '/Users/mhgagana/Documents/Safety-on-Speed/node_modules/@babel/.traverse-WMJvkyF3',
173 silly reify   '/Users/mhgagana/Documents/Safety-on-Speed/node_modules/@babel/types': '/Users/mhgagana/Documents/Safety-on-Speed/node_modules/@babel/.types-1Bb4BorC',
173 silly reify   '/Users/mhgagana/Documents/Safety-on-Speed/node_modules/@eslint/config-array': '/Users/mhgagana/Documents/Safety-on-Speed/node_modules/@eslint/.config-array-o0JnJsGv',
173 silly reify   '/Users/mhgagana/Documents/Safety-on-Speed/node_modules/@eslint/js': '/Users/mhgagana/Documents/Safety-on-Speed/node_modules/@eslint/.js-HtZLLeGk',
173 silly reify   '/Users/mhgagana/Documents/Safety-on-Speed/node_modules/@eslint/eslintrc': '/Users/mhgagana/Documents/Safety-on-Speed/node_modules/@eslint/.eslintrc-fEXUqyjh',
173 silly reify   '/Users/mhgagana/Documents/Safety-on-Speed/node_modules/@expo/env': '/Users/mhgagana/Documents/Safety-on-Speed/node_modules/@expo/.env-IBgQPFXi',
173 silly reify   '/Users/mhgagana/Documents/Safety-on-Speed/node_modules/@expo/config-plugins/node_modules/brace-expansion': '/Users/mhgagana/Documents/Safety-on-Speed/node_modules/@expo/config-plugins/node_modules/.brace-expansion-PNpvvuen',
173 silly reify   '/Users/mhgagana/Documents/Safety-on-Speed/node_modules/@expo/config-plugins/node_modules/balanced-match': '/Users/mhgagana/Documents/Safety-on-Speed/node_modules/@expo/config-plugins/node_modules/.balanced-match-WAzPvwWX',
173 silly reify   '/Users/mhgagana/Documents/Safety-on-Speed/node_modules/@expo/config-plugins/node_modules/glob': '/Users/mhgagana/Documents/Safety-on-Speed/node_modules/@expo/config-plugins/node_modules/.glob-9tJxqY5R',
173 silly reify   '/Users/mhgagana/Documents/Safety-on-Speed/node_modules/@expo/config-plugins/node_modules/path-scurry': '/Users/mhgagana/Documents/Safety-on-Speed/node_modules/@expo/config-plugins/node_modules/.path-scurry-ODvenYAm',
173 silly reify   '/Users/mhgagana/Documents/Safety-on-Speed/node_modules/@expo/config-plugins/node_modules/minimatch': '/Users/mhgagana/Documents/Safety-on-Speed/node_modules/@expo/config-plugins/node_modules/.minimatch-VqmV4t6m',
173 silly reify   '/Users/mhgagana/Documents/Safety-on-Speed/node_modules/@expo/config-plugins/node_modules/lru-cache': '/Users/mhgagana/Documents/Safety-on-Speed/node_modules/@expo/config-plugins/node_modules/.lru-cache-RXuDSPlK',
173 silly reify   '/Users/mhgagana/Documents/Safety-on-Speed/node_modules/@expo/config-plugins/node_modules/semver': '/Users/mhgagana/Documents/Safety-on-Speed/node_modules/@expo/config-plugins/node_modules/.semver-uvlt78jB',
173 silly reify   '/Users/mhgagana/Documents/Safety-on-Speed/node_modules/@expo/config-plugins/node_modules/.bin/semver': '/Users/mhgagana/Documents/Safety-on-Speed/node_modules/@expo/config-plugins/node_modules/.bin/.semver-96IfMlSD',
173 silly reify   '/Users/mhgagana/Documents/Safety-on-Speed/node_modules/@expo/config/node_modules/balanced-match': '/Users/mhgagana/Documents/Safety-on-Speed/node_modules/@expo/config/node_modules/.balanced-match-4On1NH6g',
173 silly reify   '/Users/mhgagana/Documents/Safety-on-Speed/node_modules/@expo/config/node_modules/brace-expansion': '/Users/mhgagana/Documents/Safety-on-Speed/node_modules/@expo/config/node_modules/.brace-expansion-sg6RHzta',
173 silly reify   '/Users/mhgagana/Documents/Safety-on-Speed/node_modules/@expo/config/node_modules/glob': '/Users/mhgagana/Documents/Safety-on-Speed/node_modules/@expo/config/node_modules/.glob-Wc63VHNg',
173 silly reify   '/Users/mhgagana/Documents/Safety-on-Speed/node_modules/@expo/config/node_modules/lru-cache': '/Users/mhgagana/Documents/Safety-on-Speed/node_modules/@expo/config/node_modules/.lru-cache-oAgJP07A',
173 silly reify   '/Users/mhgagana/Documents/Safety-on-Speed/node_modules/@expo/config/node_modules/minimatch': '/Users/mhgagana/Documents/Safety-on-Speed/node_modules/@expo/config/node_modules/.minimatch-KmjSB8in',
173 silly reify   '/Users/mhgagana/Documents/Safety-on-Speed/node_modules/@expo/config/node_modules/semver': '/Users/mhgagana/Documents/Safety-on-Speed/node_modules/@expo/config/node_modules/.semver-kEhGUSmr',
173 silly reify   '/Users/mhgagana/Documents/Safety-on-Speed/node_modules/@expo/config/node_modules/.bin/semver': '/Users/mhgagana/Documents/Safety-on-Speed/node_modules/@expo/config/node_modules/.bin/.semver-nxYDuI9Y',
173 silly reify   '/Users/mhgagana/Documents/Safety-on-Speed/node_modules/@expo/config/node_modules/path-scurry': '/Users/mhgagana/Documents/Safety-on-Speed/node_modules/@expo/config/node_modules/.path-scurry-7FBRvfAo',
173 silly reify   '/Users/mhgagana/Documents/Safety-on-Speed/node_modules/@expo/image-utils': '/Users/mhgagana/Documents/Safety-on-Speed/node_modules/@expo/.image-utils-JdkB7ylP',
173 silly reify   '/Users/mhgagana/Documents/Safety-on-Speed/node_modules/@expo/fingerprint/node_modules/glob': '/Users/mhgagana/Documents/Safety-on-Speed/node_modules/@expo/fingerprint/node_modules/.glob-NQympiGx',
173 silly reify   '/Users/mhgagana/Documents/Safety-on-Speed/node_modules/@expo/fingerprint/node_modules/lru-cache': '/Users/mhgagana/Documents/Safety-on-Speed/node_modules/@expo/fingerprint/node_modules/.lru-cache-nMxwR4QY',
173 silly reify   '/Users/mhgagana/Documents/Safety-on-Speed/node_modules/@expo/fingerprint/node_modules/path-scurry': '/Users/mhgagana/Documents/Safety-on-Speed/node_modules/@expo/fingerprint/node_modules/.path-scurry-ebGKSRrv',
173 silly reify   '/Users/mhgagana/Documents/Safety-on-Speed/node_modules/@expo/fingerprint/node_modules/minimatch': '/Users/mhgagana/Documents/Safety-on-Speed/node_modules/@expo/fingerprint/node_modules/.minimatch-wfxb77M4',
173 silly reify   '/Users/mhgagana/Documents/Safety-on-Speed/node_modules/@expo/fingerprint/node_modules/semver': '/Users/mhgagana/Documents/Safety-on-Speed/node_modules/@expo/fingerprint/node_modules/.semver-K1MFzX0C',
173 silly reify   '/Users/mhgagana/Documents/Safety-on-Speed/node_modules/@expo/fingerprint/node_modules/.bin/semver': '/Users/mhgagana/Documents/Safety-on-Speed/node_modules/@expo/fingerprint/node_modules/.bin/.semver-FlS3a505',
173 silly reify   '/Users/mhgagana/Documents/Safety-on-Speed/node_modules/@expo/metro-config/node_modules/hermes-parser': '/Users/mhgagana/Documents/Safety-on-Speed/node_modules/@expo/metro-config/node_modules/.hermes-parser-8JJpndkX',
173 silly reify   '/Users/mhgagana/Documents/Safety-on-Speed/node_modules/@expo/metro-config/node_modules/glob': '/Users/mhgagana/Documents/Safety-on-Speed/node_modules/@expo/metro-config/node_modules/.glob-NHKoac4d',
173 silly reify   '/Users/mhgagana/Documents/Safety-on-Speed/node_modules/@expo/metro-config/node_modules/lru-cache': '/Users/mhgagana/Documents/Safety-on-Speed/node_modules/@expo/metro-config/node_modules/.lru-cache-ZyVWuYPE',
173 silly reify   '/Users/mhgagana/Documents/Safety-on-Speed/node_modules/@expo/metro-config/node_modules/path-scurry': '/Users/mhgagana/Documents/Safety-on-Speed/node_modules/@expo/metro-config/node_modules/.path-scurry-smMXe0V3',
173 silly reify   '/Users/mhgagana/Documents/Safety-on-Speed/node_modules/@expo/metro-config/node_modules/hermes-estree': '/Users/mhgagana/Documents/Safety-on-Speed/node_modules/@expo/metro-config/node_modules/.hermes-estree-ep2CUHpU',
173 silly reify   '/Users/mhgagana/Documents/Safety-on-Speed/node_modules/@expo/prebuild-config/node_modules/semver': '/Users/mhgagana/Documents/Safety-on-Speed/node_modules/@expo/prebuild-config/node_modules/.semver-39d8ItV1',
173 silly reify   '/Users/mhgagana/Documents/Safety-on-Speed/node_modules/@expo/prebuild-config/node_modules/.bin/semver': '/Users/mhgagana/Documents/Safety-on-Speed/node_modules/@expo/prebuild-config/node_modules/.bin/.semver-emQ4OzN7',
173 silly reify   '/Users/mhgagana/Documents/Safety-on-Speed/node_modules/@expo/require-utils': '/Users/mhgagana/Documents/Safety-on-Speed/node_modules/@expo/.require-utils-3r4cy07r',
173 silly reify   '/Users/mhgagana/Documents/Safety-on-Speed/node_modules/@expo/vector-icons': '/Users/mhgagana/Documents/Safety-on-Speed/node_modules/@expo/.vector-icons-FSN6NUCP',
173 silly reify   '/Users/mhgagana/Documents/Safety-on-Speed/node_modules/@jest/diff-sequences': '/Users/mhgagana/Documents/Safety-on-Speed/node_modules/@jest/.diff-sequences-2i4HHVKt',
173 silly reify   '/Users/mhgagana/Documents/Safety-on-Speed/node_modules/@maplibre/geojson-vt': '/Users/mhgagana/Documents/Safety-on-Speed/node_modules/@maplibre/.geojson-vt-uaOXvEx2',
173 silly reify   '/Users/mhgagana/Documents/Safety-on-Speed/node_modules/@maplibre/mlt': '/Users/mhgagana/Documents/Safety-on-Speed/node_modules/@maplibre/.mlt-YnYs4YMZ',
173 silly reify   '/Users/mhgagana/Documents/Safety-on-Speed/node_modules/@react-native/babel-plugin-codegen': '/Users/mhgagana/Documents/Safety-on-Speed/node_modules/@react-native/.babel-plugin-codegen-FpA4JJQS',
173 silly reify   '/Users/mhgagana/Documents/Safety-on-Speed/node_modules/@react-native/community-cli-plugin/node_modules/semver': '/Users/mhgagana/Documents/Safety-on-Speed/node_modules/@react-native/community-cli-plugin/node_modules/.semver-rkAHhBG7',
173 silly reify   '/Users/mhgagana/Documents/Safety-on-Speed/node_modules/@react-native/community-cli-plugin/node_modules/.bin/semver': '/Users/mhgagana/Documents/Safety-on-Speed/node_modules/@react-native/community-cli-plugin/node_modules/.bin/.semver-EoKRtjRx',
173 silly reify   '/Users/mhgagana/Documents/Safety-on-Speed/node_modules/@react-native/babel-preset': '/Users/mhgagana/Documents/Safety-on-Speed/node_modules/@react-native/.babel-preset-GRqt0IVp',
173 silly reify   '/Users/mhgagana/Documents/Safety-on-Speed/node_modules/@react-native/codegen': '/Users/mhgagana/Documents/Safety-on-Speed/node_modules/@react-native/.codegen-tg3GiyeX',
173 silly reify   '/Users/mhgagana/Documents/Safety-on-Speed/node_modules/@react-native-voice/voice': '/Users/mhgagana/Documents/Safety-on-Speed/node_modules/@react-native-voice/.voice-9dPeyzst',
173 silly reify   '/Users/mhgagana/Documents/Safety-on-Speed/node_modules/@react-native-community/cli': '/Users/mhgagana/Documents/Safety-on-Speed/node_modules/@react-native-community/.cli-MSfuEpTB',
173 silly reify   '/Users/mhgagana/Documents/Safety-on-Speed/node_modules/.bin/rnc-cli': '/Users/mhgagana/Documents/Safety-on-Speed/node_modules/.bin/.rnc-cli-W0Y7A8FS',
173 silly reify   '/Users/mhgagana/Documents/Safety-on-Speed/node_modules/@react-native-community/cli-config': '/Users/mhgagana/Documents/Safety-on-Speed/node_modules/@react-native-community/.cli-config-sfYwWg0X',
173 silly reify   '/Users/mhgagana/Documents/Safety-on-Speed/node_modules/@react-native-community/cli-clean': '/Users/mhgagana/Documents/Safety-on-Speed/node_modules/@react-native-community/.cli-clean-4KmeN3Dg',
173 silly reify   '/Users/mhgagana/Documents/Safety-on-Speed/node_modules/@react-native-community/cli-config-android': '/Users/mhgagana/Documents/Safety-on-Speed/node_modules/@react-native-community/.cli-config-android-4rhAGx7t',
173 silly reify   '/Users/mhgagana/Documents/Safety-on-Speed/node_modules/@react-native-community/cli-doctor': '/Users/mhgagana/Documents/Safety-on-Speed/node_modules/@react-native-community/.cli-doctor-z5LMbZax',
173 silly reify   '/Users/mhgagana/Documents/Safety-on-Speed/node_modules/@react-native-community/cli-config-apple': '/Users/mhgagana/Documents/Safety-on-Speed/node_modules/@react-native-community/.cli-config-apple-tXeyI1wg',
173 silly reify   '/Users/mhgagana/Documents/Safety-on-Speed/node_modules/@react-native-community/cli-platform-android': '/Users/mhgagana/Documents/Safety-on-Speed/node_modules/@react-native-community/.cli-platform-android-DWAjVly1',
173 silly reify   '/Users/mhgagana/Documents/Safety-on-Speed/node_modules/@react-navigation/bottom-tabs': '/Users/mhgagana/Documents/Safety-on-Speed/node_modules/@react-navigation/.bottom-tabs-LpSgEySm',
173 silly reify   '/Users/mhgagana/Documents/Safety-on-Speed/node_modules/@react-native-community/cli-server-api': '/Users/mhgagana/Documents/Safety-on-Speed/node_modules/@react-native-community/.cli-server-api-wqDcbWGN',
173 silly reify   '/Users/mhgagana/Documents/Safety-on-Speed/node_modules/@react-native-community/cli-platform-apple': '/Users/mhgagana/Documents/Safety-on-Speed/node_modules/@react-native-community/.cli-platform-apple-ltyCChGA',
173 silly reify   '/Users/mhgagana/Documents/Safety-on-Speed/node_modules/@react-native-community/cli-tools': '/Users/mhgagana/Documents/Safety-on-Speed/node_modules/@react-native-community/.cli-tools-KTicDxJC',
173 silly reify   '/Users/mhgagana/Documents/Safety-on-Speed/node_modules/@react-native-community/cli-types': '/Users/mhgagana/Documents/Safety-on-Speed/node_modules/@react-native-community/.cli-types-Kp6rGWNt',
173 silly reify   '/Users/mhgagana/Documents/Safety-on-Speed/node_modules/@sinclair/typebox': '/Users/mhgagana/Documents/Safety-on-Speed/node_modules/@sinclair/.typebox-7QqHd10f',
173 silly reify   '/Users/mhgagana/Documents/Safety-on-Speed/node_modules/@supabase/auth-js': '/Users/mhgagana/Documents/Safety-on-Speed/node_modules/@supabase/.auth-js-HrvyPmfy',
173 silly reify   '/Users/mhgagana/Documents/Safety-on-Speed/node_modules/@supabase/postgrest-js': '/Users/mhgagana/Documents/Safety-on-Speed/node_modules/@supabase/.postgrest-js-tnrAMkxr',
173 silly reify   '/Users/mhgagana/Documents/Safety-on-Speed/node_modules/@supabase/functions-js': '/Users/mhgagana/Documents/Safety-on-Speed/node_modules/@supabase/.functions-js-kBUs7jA6',
173 silly reify   '/Users/mhgagana/Documents/Safety-on-Speed/node_modules/@supabase/realtime-js': '/Users/mhgagana/Documents/Safety-on-Speed/node_modules/@supabase/.realtime-js-RypOFNtZ',
173 silly reify   '/Users/mhgagana/Documents/Safety-on-Speed/node_modules/@supabase/storage-js': '/Users/mhgagana/Documents/Safety-on-Speed/node_modules/@supabase/.storage-js-tSULGYDf',
173 silly reify   '/Users/mhgagana/Documents/Safety-on-Speed/node_modules/@supabase/supabase-js': '/Users/mhgagana/Documents/Safety-on-Speed/node_modules/@supabase/.supabase-js-LLcXJO8F',
173 silly reify   '/Users/mhgagana/Documents/Safety-on-Speed/node_modules/@testing-library/react-native/node_modules/pretty-format': '/Users/mhgagana/Documents/Safety-on-Speed/node_modules/@testing-library/react-native/node_modules/.pretty-format-OfyGLRdd',
173 silly reify   '/Users/mhgagana/Documents/Safety-on-Speed/node_modules/@testing-library/react-native/node_modules/jest-diff': '/Users/mhgagana/Documents/Safety-on-Speed/node_modules/@testing-library/react-native/node_modules/.jest-diff-hJWq3Nrb',
173 silly reify   '/Users/mhgagana/Documents/Safety-on-Speed/node_modules/@testing-library/react-native/node_modules/jest-matcher-utils': '/Users/mhgagana/Documents/Safety-on-Speed/node_modules/@testing-library/react-native/node_modules/.jest-matcher-utils-CTj3YpgD',
173 silly reify   '/Users/mhgagana/Documents/Safety-on-Speed/node_modules/@types/node': '/Users/mhgagana/Documents/Safety-on-Speed/node_modules/@types/.node-6buFDncm',
173 silly reify   '/Users/mhgagana/Documents/Safety-on-Speed/node_modules/@typescript-eslint/eslint-plugin': '/Users/mhgagana/Documents/Safety-on-Speed/node_modules/@typescript-eslint/.eslint-plugin-8Qwkli0Q',
173 silly reify   '/Users/mhgagana/Documents/Safety-on-Speed/node_modules/@typescript-eslint/parser': '/Users/mhgagana/Documents/Safety-on-Speed/node_modules/@typescript-eslint/.parser-MtHPhGSa',
173 silly reify   '/Users/mhgagana/Documents/Safety-on-Speed/node_modules/@typescript-eslint/project-service': '/Users/mhgagana/Documents/Safety-on-Speed/node_modules/@typescript-eslint/.project-service-xC3iwaJJ',
173 silly reify   '/Users/mhgagana/Documents/Safety-on-Speed/node_modules/@typescript-eslint/scope-manager': '/Users/mhgagana/Documents/Safety-on-Speed/node_modules/@typescript-eslint/.scope-manager-T2IFo2Cm',
173 silly reify   '/Users/mhgagana/Documents/Safety-on-Speed/node_modules/@react-native-community/cli-platform-ios': '/Users/mhgagana/Documents/Safety-on-Speed/node_modules/@react-native-community/.cli-platform-ios-I3gIw7dj',
173 silly reify   '/Users/mhgagana/Documents/Safety-on-Speed/node_modules/@typescript-eslint/types': '/Users/mhgagana/Documents/Safety-on-Speed/node_modules/@typescript-eslint/.types-ZOCaUOvS',
173 silly reify   '/Users/mhgagana/Documents/Safety-on-Speed/node_modules/@typescript-eslint/type-utils': '/Users/mhgagana/Documents/Safety-on-Speed/node_modules/@typescript-eslint/.type-utils-NeoyQ08k',
173 silly reify   '/Users/mhgagana/Documents/Safety-on-Speed/node_modules/@typescript-eslint/tsconfig-utils': '/Users/mhgagana/Documents/Safety-on-Speed/node_modules/@typescript-eslint/.tsconfig-utils-XMGtPXsZ',
173 silly reify   '/Users/mhgagana/Documents/Safety-on-Speed/node_modules/@typescript-eslint/typescript-estree': '/Users/mhgagana/Documents/Safety-on-Speed/node_modules/@typescript-eslint/.typescript-estree-injo8Fin',
173 silly reify   '/Users/mhgagana/Documents/Safety-on-Speed/node_modules/@typescript-eslint/utils': '/Users/mhgagana/Documents/Safety-on-Speed/node_modules/@typescript-eslint/.utils-gLLtGDV8',
173 silly reify   '/Users/mhgagana/Documents/Safety-on-Speed/node_modules/@typescript-eslint/visitor-keys': '/Users/mhgagana/Documents/Safety-on-Speed/node_modules/@typescript-eslint/.visitor-keys-UeIM9rA8'
173 silly reify }
174 http fetch GET 200 https://registry.npmjs.org/npm 2246ms
175 silly audit bulk request {
175 silly audit   '@0no-co/graphql.web': [ '1.2.0' ],
175 silly audit   '@alloc/quick-lru': [ '5.2.0' ],
175 silly audit   '@babel/code-frame': [ '7.28.6', '7.10.4' ],
175 silly audit   '@babel/compat-data': [ '7.28.6' ],
175 silly audit   '@babel/core': [ '7.28.6' ],
175 silly audit   '@babel/generator': [ '7.28.6' ],
175 silly audit   '@babel/helper-annotate-as-pure': [ '7.27.3' ],
175 silly audit   '@babel/helper-compilation-targets': [ '7.28.6' ],
175 silly audit   '@babel/helper-create-class-features-plugin': [ '7.28.6' ],
175 silly audit   '@babel/helper-create-regexp-features-plugin': [ '7.28.5' ],
175 silly audit   '@babel/helper-define-polyfill-provider': [ '0.6.5' ],
175 silly audit   '@babel/helper-globals': [ '7.28.0' ],
175 silly audit   '@babel/helper-member-expression-to-functions': [ '7.28.5' ],
175 silly audit   '@babel/helper-module-imports': [ '7.28.6' ],
175 silly audit   '@babel/helper-module-transforms': [ '7.28.6' ],
175 silly audit   '@babel/helper-optimise-call-expression': [ '7.27.1' ],
175 silly audit   '@babel/helper-plugin-utils': [ '7.28.6' ],
175 silly audit   '@babel/helper-remap-async-to-generator': [ '7.27.1' ],
175 silly audit   '@babel/helper-replace-supers': [ '7.28.6' ],
175 silly audit   '@babel/helper-skip-transparent-expression-wrappers': [ '7.27.1' ],
175 silly audit   '@babel/helper-string-parser': [ '7.27.1' ],
175 silly audit   '@babel/helper-validator-identifier': [ '7.28.5' ],
175 silly audit   '@babel/helper-validator-option': [ '7.27.1' ],
175 silly audit   '@babel/helper-wrap-function': [ '7.28.6' ],
175 silly audit   '@babel/helpers': [ '7.28.6' ],
175 silly audit   '@babel/highlight': [ '7.25.9' ],
175 silly audit   'ansi-styles': [ '3.2.1', '5.2.0', '4.3.0' ],
175 silly audit   chalk: [ '2.4.2', '4.1.2', '3.0.0' ],
175 silly audit   'color-convert': [ '1.9.3', '2.0.1' ],
175 silly audit   'color-name': [ '1.1.3', '1.1.4' ],
175 silly audit   'escape-string-regexp': [ '1.0.5', '4.0.0', '2.0.0' ],
175 silly audit   'has-flag': [ '3.0.0', '4.0.0' ],
175 silly audit   'supports-color': [ '5.5.0', '8.1.1', '7.2.0' ],
175 silly audit   '@babel/parser': [ '7.28.6' ],
175 silly audit   '@babel/plugin-bugfix-firefox-class-in-computed-class-key': [ '7.28.5' ],
175 silly audit   '@babel/plugin-bugfix-safari-class-field-initializer-scope': [ '7.27.1' ],
175 silly audit   '@babel/plugin-bugfix-safari-id-destructuring-collision-in-function-expression': [ '7.27.1' ],
175 silly audit   '@babel/plugin-bugfix-v8-spread-parameters-in-optional-chaining': [ '7.27.1' ],
175 silly audit   '@babel/plugin-bugfix-v8-static-class-fields-redefine-readonly': [ '7.28.6' ],
175 silly audit   '@babel/plugin-proposal-decorators': [ '7.28.6' ],
175 silly audit   '@babel/plugin-proposal-export-default-from': [ '7.27.1' ],
175 silly audit   '@babel/plugin-proposal-private-property-in-object': [ '7.21.0-placeholder-for-preset-env.2' ],
175 silly audit   '@babel/plugin-syntax-async-generators': [ '7.8.4' ],
175 silly audit   '@babel/plugin-syntax-bigint': [ '7.8.3' ],
175 silly audit   '@babel/plugin-syntax-class-properties': [ '7.12.13' ],
175 silly audit   '@babel/plugin-syntax-class-static-block': [ '7.14.5' ],
175 silly audit   '@babel/plugin-syntax-decorators': [ '7.28.6' ],
175 silly audit   '@babel/plugin-syntax-dynamic-import': [ '7.8.3' ],
175 silly audit   '@babel/plugin-syntax-export-default-from': [ '7.28.6' ],
175 silly audit   '@babel/plugin-syntax-flow': [ '7.28.6' ],
175 silly audit   '@babel/plugin-syntax-import-assertions': [ '7.28.6' ],
175 silly audit   '@babel/plugin-syntax-import-attributes': [ '7.28.6' ],
175 silly audit   '@babel/plugin-syntax-import-meta': [ '7.10.4' ],
175 silly audit   '@babel/plugin-syntax-json-strings': [ '7.8.3' ],
175 silly audit   '@babel/plugin-syntax-jsx': [ '7.28.6' ],
175 silly audit   '@babel/plugin-syntax-logical-assignment-operators': [ '7.10.4' ],
175 silly audit   '@babel/plugin-syntax-nullish-coalescing-operator': [ '7.8.3' ],
175 silly audit   '@babel/plugin-syntax-numeric-separator': [ '7.10.4' ],
175 silly audit   '@babel/plugin-syntax-object-rest-spread': [ '7.8.3' ],
175 silly audit   '@babel/plugin-syntax-optional-catch-binding': [ '7.8.3' ],
175 silly audit   '@babel/plugin-syntax-optional-chaining': [ '7.8.3' ],
175 silly audit   '@babel/plugin-syntax-private-property-in-object': [ '7.14.5' ],
175 silly audit   '@babel/plugin-syntax-top-level-await': [ '7.14.5' ],
175 silly audit   '@babel/plugin-syntax-typescript': [ '7.28.6' ],
175 silly audit   '@babel/plugin-syntax-unicode-sets-regex': [ '7.18.6' ],
175 silly audit   '@babel/plugin-transform-arrow-functions': [ '7.27.1' ],
175 silly audit   '@babel/plugin-transform-async-generator-functions': [ '7.28.6' ],
175 silly audit   '@babel/plugin-transform-async-to-generator': [ '7.28.6' ],
175 silly audit   '@babel/plugin-transform-block-scoped-functions': [ '7.27.1' ],
175 silly audit   '@babel/plugin-transform-block-scoping': [ '7.28.6' ],
175 silly audit   '@babel/plugin-transform-class-properties': [ '7.28.6' ],
175 silly audit   '@babel/plugin-transform-class-static-block': [ '7.28.6' ],
175 silly audit   '@babel/plugin-transform-classes': [ '7.28.6' ],
175 silly audit   '@babel/plugin-transform-computed-properties': [ '7.28.6' ],
175 silly audit   '@babel/plugin-transform-destructuring': [ '7.28.5' ],
175 silly audit   '@babel/plugin-transform-dotall-regex': [ '7.28.6' ],
175 silly audit   '@babel/plugin-transform-duplicate-keys': [ '7.27.1' ],
175 silly audit   '@babel/plugin-transform-duplicate-named-capturing-groups-regex': [ '7.28.6' ],
175 silly audit   '@babel/plugin-transform-dynamic-import': [ '7.27.1' ],
175 silly audit   '@babel/plugin-transform-explicit-resource-management': [ '7.28.6' ],
175 silly audit   '@babel/plugin-transform-exponentiation-operator': [ '7.28.6' ],
175 silly audit   '@babel/plugin-transform-export-namespace-from': [ '7.27.1' ],
175 silly audit   '@babel/plugin-transform-flow-strip-types': [ '7.27.1' ],
175 silly audit   '@babel/plugin-transform-for-of': [ '7.27.1' ],
175 silly audit   '@babel/plugin-transform-function-name': [ '7.27.1' ],
175 silly audit   '@babel/plugin-transform-json-strings': [ '7.28.6' ],
175 silly audit   '@babel/plugin-transform-literals': [ '7.27.1' ],
175 silly audit   '@babel/plugin-transform-logical-assignment-operators': [ '7.28.6' ],
175 silly audit   '@babel/plugin-transform-member-expression-literals': [ '7.27.1' ],
175 silly audit   '@babel/plugin-transform-modules-amd': [ '7.27.1' ],
175 silly audit   '@babel/plugin-transform-modules-commonjs': [ '7.28.6' ],
175 silly audit   '@babel/plugin-transform-modules-systemjs': [ '7.28.5' ],
175 silly audit   '@babel/plugin-transform-modules-umd': [ '7.27.1' ],
175 silly audit   '@babel/plugin-transform-named-capturing-groups-regex': [ '7.27.1' ],
175 silly audit   '@babel/plugin-transform-new-target': [ '7.27.1' ],
175 silly audit   '@babel/plugin-transform-nullish-coalescing-operator': [ '7.28.6' ],
175 silly audit   '@babel/plugin-transform-numeric-separator': [ '7.28.6' ],
175 silly audit   '@babel/plugin-transform-object-rest-spread': [ '7.28.6' ],
175 silly audit   '@babel/plugin-transform-object-super': [ '7.27.1' ],
175 silly audit   '@babel/plugin-transform-optional-catch-binding': [ '7.28.6' ],
175 silly audit   '@babel/plugin-transform-optional-chaining': [ '7.28.6' ],
175 silly audit   '@babel/plugin-transform-parameters': [ '7.27.7' ],
175 silly audit   '@babel/plugin-transform-private-methods': [ '7.28.6' ],
175 silly audit   '@babel/plugin-transform-private-property-in-object': [ '7.28.6' ],
175 silly audit   '@babel/plugin-transform-property-literals': [ '7.27.1' ],
175 silly audit   '@babel/plugin-transform-react-display-name': [ '7.28.0' ],
175 silly audit   '@babel/plugin-transform-react-jsx': [ '7.28.6' ],
175 silly audit   '@babel/plugin-transform-react-jsx-development': [ '7.27.1' ],
175 silly audit   '@babel/plugin-transform-react-jsx-self': [ '7.27.1' ],
175 silly audit   '@babel/plugin-transform-react-jsx-source': [ '7.27.1' ],
175 silly audit   '@babel/plugin-transform-react-pure-annotations': [ '7.27.1' ],
175 silly audit   '@babel/plugin-transform-regenerator': [ '7.28.6' ],
175 silly audit   '@babel/plugin-transform-regexp-modifiers': [ '7.28.6' ],
175 silly audit   '@babel/plugin-transform-reserved-words': [ '7.27.1' ],
175 silly audit   '@babel/plugin-transform-runtime': [ '7.28.5' ],
175 silly audit   '@babel/plugin-transform-shorthand-properties': [ '7.27.1' ],
175 silly audit   '@babel/plugin-transform-spread': [ '7.28.6' ],
175 silly audit   '@babel/plugin-transform-sticky-regex': [ '7.27.1' ],
175 silly audit   '@babel/plugin-transform-template-literals': [ '7.27.1' ],
175 silly audit   '@babel/plugin-transform-typeof-symbol': [ '7.27.1' ],
175 silly audit   '@babel/plugin-transform-typescript': [ '7.28.6' ],
175 silly audit   '@babel/plugin-transform-unicode-escapes': [ '7.27.1' ],
175 silly audit   '@babel/plugin-transform-unicode-property-regex': [ '7.28.6' ],
175 silly audit   '@babel/plugin-transform-unicode-regex': [ '7.27.1' ],
175 silly audit   '@babel/plugin-transform-unicode-sets-regex': [ '7.28.6' ],
175 silly audit   '@babel/preset-env': [ '7.28.6' ],
175 silly audit   '@babel/preset-modules': [ '0.1.6-no-external-plugins' ],
175 silly audit   '@babel/preset-react': [ '7.28.5' ],
175 silly audit   '@babel/preset-typescript': [ '7.28.5' ],
175 silly audit   '@babel/runtime': [ '7.28.6' ],
175 silly audit   '@babel/template': [ '7.28.6' ],
175 silly audit   '@babel/traverse': [ '7.28.6' ],
175 silly audit   '@babel/types': [ '7.28.6' ],
175 silly audit   '@bcoe/v8-coverage': [ '0.2.3' ],
175 silly audit   '@egjs/hammerjs': [ '2.0.17' ],
175 silly audit   '@emnapi/core': [ '1.8.1' ],
175 silly audit   '@emnapi/runtime': [ '1.8.1' ],
175 silly audit   '@emnapi/wasi-threads': [ '1.1.0' ],
175 silly audit   '@eslint-community/eslint-utils': [ '4.9.1' ],
175 silly audit   'eslint-visitor-keys': [ '3.4.3', '4.2.1' ],
175 silly audit   '@eslint-community/regexpp': [ '4.12.2' ],
175 silly audit   '@eslint/config-array': [ '0.21.1' ],
175 silly audit   '@eslint/config-helpers': [ '0.4.2' ],
175 silly audit   '@eslint/core': [ '0.17.0' ],
175 silly audit   '@eslint/eslintrc': [ '3.3.3' ],
175 silly audit   '@eslint/js': [ '9.39.2' ],
175 silly audit   '@eslint/object-schema': [ '2.1.7' ],
175 silly audit   '@eslint/plugin-kit': [ '0.4.1' ],
175 silly audit   '@expo/code-signing-certificates': [ '0.0.6' ],
175 silly audit   '@expo/config': [ '12.0.13', '55.0.10' ],
175 silly audit   '@expo/config-plugins': [ '54.0.4', '2.0.4', '55.0.7' ],
175 silly audit   semver: [ '7.7.3', '7.7.4', '7.6.3', '7.7.2', '6.3.1' ],
175 silly audit   '@expo/config-types': [ '54.0.10', '41.0.0', '55.0.5' ],
175 silly audit   '@expo/devcert': [ '1.2.1' ],
175 silly audit   debug: [ '3.2.7', '2.6.9', '4.4.3' ],
175 silly audit   '@expo/devtools': [ '0.1.8' ],
175 silly audit   '@expo/env': [ '2.0.8' ],
175 silly audit   '@expo/fingerprint': [ '0.15.4' ],
175 silly audit   'brace-expansion': [ '2.0.2', '1.1.12' ],
175 silly audit   minimatch: [ '9.0.5', '9.0.9', '8.0.4', '10.1.1', '3.1.2' ],
175 silly audit   '@expo/image-utils': [ '0.8.8' ],
175 silly audit   '@expo/json-file': [ '10.0.12', '8.2.30' ],
175 silly audit   '@expo/metro': [ '54.2.0' ],
175 silly audit   '@expo/metro-config': [ '54.0.14' ],
175 silly audit   '@expo/metro-runtime': [ '6.1.2' ],
175 silly audit   '@expo/osascript': [ '2.4.2' ],
175 silly audit   '@expo/package-manager': [ '1.10.3' ],
175 silly audit   'cli-cursor': [ '2.1.0', '3.1.0' ],
175 silly audit   'log-symbols': [ '2.2.0', '4.1.0' ],
175 silly audit   'mimic-fn': [ '1.2.0', '2.1.0' ],
175 silly audit   onetime: [ '2.0.1', '5.1.2' ],
175 silly audit   ora: [ '3.4.0', '5.4.1' ],
175 silly audit   'restore-cursor': [ '2.0.0', '3.1.0' ],
175 silly audit   '@expo/plist': [ '0.4.8', '0.0.13', '0.5.2' ],
175 silly audit   '@expo/prebuild-config': [ '54.0.8' ],
175 silly audit   '@expo/require-utils': [ '55.0.3' ],
175 silly audit   '@expo/schema-utils': [ '0.1.8' ],
175 silly audit   '@expo/sdk-runtime-versions': [ '1.0.0' ],
175 silly audit   '@expo/spawn-async': [ '1.7.2' ],
175 silly audit   '@expo/sudo-prompt': [ '9.3.2' ],
175 silly audit   '@expo/vector-icons': [ '15.0.3' ],
175 silly audit   '@expo/ws-tunnel': [ '1.0.6' ],
175 silly audit   '@expo/xcpretty': [ '4.4.1' ],
175 silly audit   '@hapi/hoek': [ '9.3.0' ],
175 silly audit   '@hapi/topo': [ '5.1.0' ],
175 silly audit   '@hcaptcha/react-native-hcaptcha': [ '2.1.0' ],
175 silly audit   '@humanfs/core': [ '0.19.1' ],
175 silly audit   '@humanfs/node': [ '0.16.7' ],
175 silly audit   '@humanwhocodes/module-importer': [ '1.0.1' ],
175 silly audit   '@humanwhocodes/retry': [ '0.4.3' ],
175 silly audit   '@ide/backoff': [ '1.0.0' ],
175 silly audit   '@isaacs/balanced-match': [ '4.0.1' ],
175 silly audit   '@isaacs/brace-expansion': [ '5.0.0' ],
175 silly audit   '@isaacs/fs-minipass': [ '4.0.1' ],
175 silly audit   '@isaacs/ttlcache': [ '1.4.1' ],
175 silly audit   '@istanbuljs/load-nyc-config': [ '1.1.0' ],
175 silly audit   argparse: [ '1.0.10', '2.0.1' ],
175 silly audit   camelcase: [ '5.3.1', '6.3.0' ],
175 silly audit   'find-up': [ '4.1.0', '5.0.0', '3.0.0' ],
175 silly audit   'js-yaml': [ '3.14.2', '4.1.1' ],
175 silly audit   'locate-path': [ '5.0.0', '6.0.0', '3.0.0' ],
175 silly audit   'p-limit': [ '2.3.0', '3.1.0' ],
175 silly audit   'p-locate': [ '4.1.0', '5.0.0', '3.0.0' ],
175 silly audit   '@istanbuljs/schema': [ '0.1.3' ],
175 silly audit   '@jest/console': [ '29.7.0' ],
175 silly audit   '@jest/core': [ '29.7.0' ],
175 silly audit   'ci-info': [ '3.9.0', '2.0.0' ],
175 silly audit   'strip-ansi': [ '6.0.1', '7.2.0', '5.2.0' ],
175 silly audit   '@jest/create-cache-key-function': [ '29.7.0' ],
175 silly audit   '@jest/diff-sequences': [ '30.0.1' ],
175 silly audit   '@jest/environment': [ '29.7.0' ],
175 silly audit   '@jest/expect': [ '29.7.0' ],
175 silly audit   '@jest/expect-utils': [ '29.7.0' ],
175 silly audit   '@jest/fake-timers': [ '29.7.0' ],
175 silly audit   '@jest/get-type': [ '30.1.0' ],
175 silly audit   '@jest/globals': [ '29.7.0' ],
175 silly audit   '@jest/reporters': [ '29.7.0' ],
175 silly audit   glob: [ '7.2.3', '7.1.6', '9.3.5', '13.0.0' ],
175 silly audit   'istanbul-lib-instrument': [ '6.0.3', '5.2.1' ],
175 silly audit   '@jest/schemas': [ '29.6.3', '30.0.5' ],
175 silly audit   '@jest/source-map': [ '29.6.3' ],
175 silly audit   '@jest/test-result': [ '29.7.0' ],
175 silly audit   '@jest/test-sequencer': [ '29.7.0' ],
175 silly audit   '@jest/transform': [ '29.7.0' ],
175 silly audit   '@jest/types': [ '29.6.3' ],
175 silly audit   '@jridgewell/gen-mapping': [ '0.3.13' ],
175 silly audit   '@jridgewell/remapping': [ '2.3.5' ],
175 silly audit   '@jridgewell/resolve-uri': [ '3.1.2' ],
175 silly audit   '@jridgewell/source-map': [ '0.3.11' ],
175 silly audit   '@jridgewell/sourcemap-codec': [ '1.5.5' ],
175 silly audit   '@jridgewell/trace-mapping': [ '0.3.31' ],
175 silly audit   '@mapbox/jsonlint-lines-primitives': [ '2.0.2' ],
175 silly audit   '@mapbox/point-geometry': [ '1.1.0' ],
175 silly audit   '@mapbox/tiny-sdf': [ '2.0.7' ],
175 silly audit   '@mapbox/unitbezier': [ '0.0.1' ],
175 silly audit   '@mapbox/vector-tile': [ '2.0.4' ],
175 silly audit   '@mapbox/whoots-js': [ '3.1.0' ],
175 silly audit   '@maplibre/geojson-vt': [ '6.0.4', '5.0.4' ],
175 silly audit   '@maplibre/maplibre-gl-style-spec': [ '24.7.0' ],
175 silly audit   '@maplibre/mlt': [ '1.1.8' ],
175 silly audit   '@maplibre/vt-pbf': [ '4.3.0' ],
175 silly audit   '@napi-rs/wasm-runtime': [ '0.2.12' ],
175 silly audit   '@nodelib/fs.scandir': [ '2.1.5' ],
175 silly audit   '@nodelib/fs.stat': [ '2.0.5' ],
175 silly audit   '@nodelib/fs.walk': [ '1.2.8' ],
175 silly audit   '@nolyfill/is-core-module': [ '1.0.39' ],
175 silly audit   '@radix-ui/primitive': [ '1.1.3' ],
175 silly audit   '@radix-ui/react-compose-refs': [ '1.1.2' ],
175 silly audit   '@radix-ui/react-context': [ '1.1.2' ],
175 silly audit   '@radix-ui/react-direction': [ '1.1.1' ],
175 silly audit   '@radix-ui/react-focus-guards': [ '1.1.3' ],
175 silly audit   '@radix-ui/react-id': [ '1.1.1' ],
175 silly audit   '@radix-ui/react-slot': [ '1.2.0', '1.2.3' ],
175 silly audit   '@radix-ui/react-use-callback-ref': [ '1.1.1' ],
175 silly audit   '@radix-ui/react-use-controllable-state': [ '1.2.2' ],
175 silly audit   '@radix-ui/react-use-effect-event': [ '0.0.2' ],
175 silly audit   '@radix-ui/react-use-escape-keydown': [ '1.1.1' ],
175 silly audit   '@radix-ui/react-use-layout-effect': [ '1.1.1' ],
175 silly audit   '@react-native-async-storage/async-storage': [ '2.2.0' ],
175 silly audit   '@react-native-community/cli': [ '20.1.0' ],
175 silly audit   '@react-native-community/cli-clean': [ '20.1.0' ],
175 silly audit   '@react-native-community/cli-config': [ '20.1.0' ],
175 silly audit   '@react-native-community/cli-config-android': [ '20.1.0' ],
175 silly audit   '@react-native-community/cli-config-apple': [ '20.1.0' ],
175 silly audit   '@react-native-community/cli-doctor': [ '20.1.0' ],
175 silly audit   '@react-native-community/cli-platform-android': [ '20.1.0' ],
175 silly audit   '@react-native-community/cli-platform-apple': [ '20.1.0' ],
175 silly audit   '@react-native-community/cli-platform-ios': [ '20.1.0' ],
175 silly audit   '@react-native-community/cli-server-api': [ '20.1.0' ],
175 silly audit   '@react-native-community/cli-tools': [ '20.1.0' ],
175 silly audit   '@react-native-community/cli-types': [ '20.1.0' ],
175 silly audit   '@react-native-voice/voice': [ '3.2.4' ],
175 silly audit   'fs-extra': [ '9.0.0', '8.1.0' ],
175 silly audit   getenv: [ '1.0.0', '2.0.0' ],
175 silly audit   json5: [ '1.0.2', '2.2.3' ],
175 silly audit   jsonfile: [ '6.2.0', '4.0.0' ],
175 silly audit   universalify: [ '2.0.1', '1.0.0', '0.2.0', '0.1.2' ],
175 silly audit   'write-file-atomic': [ '2.4.3', '4.0.2' ],
175 silly audit   xml2js: [ '0.4.23', '0.6.0' ],
175 silly audit   xmlbuilder: [ '11.0.1', '14.0.0', '15.1.1' ],
175 silly audit   '@react-native/assets-registry': [ '0.81.5' ],
175 silly audit   '@react-native/babel-plugin-codegen': [ '0.81.5' ],
175 silly audit   '@react-native/babel-preset': [ '0.81.5' ],
175 silly audit   '@react-native/codegen': [ '0.81.5' ],
175 silly audit   '@react-native/community-cli-plugin': [ '0.81.5' ],
175 silly audit   '@react-native/debugger-frontend': [ '0.81.5' ],
175 silly audit   '@react-native/dev-middleware': [ '0.81.5' ],
175 silly audit   'is-wsl': [ '2.2.0', '1.1.0' ],
175 silly audit   open: [ '7.4.2', '8.4.2', '6.4.0' ],
175 silly audit   '@react-native/gradle-plugin': [ '0.81.5' ],
175 silly audit   '@react-native/js-polyfills': [ '0.81.5' ],
175 silly audit   '@react-native/normalize-colors': [ '0.81.5', '0.74.89' ],
175 silly audit   '@react-navigation/bottom-tabs': [ '7.10.1' ],
175 silly audit   '@react-navigation/core': [ '7.16.1' ],
175 silly audit   '@react-navigation/elements': [ '2.9.10' ],
175 silly audit   '@react-navigation/native': [ '7.1.33' ],
175 silly audit   '@react-navigation/native-stack': [ '7.14.5' ],
175 silly audit   '@react-navigation/routers': [ '7.5.3' ],
175 silly audit   '@rtsao/scc': [ '1.1.0' ],
175 silly audit   '@sideway/address': [ '4.1.5' ],
175 silly audit   '@sideway/formula': [ '3.0.1' ],
175 silly audit   '@sideway/pinpoint': [ '2.0.0' ],
175 silly audit   '@sinclair/typebox': [ '0.27.8', '0.34.48' ],
175 silly audit   '@sinonjs/commons': [ '3.0.1' ],
175 silly audit   '@sinonjs/fake-timers': [ '10.3.0' ],
175 silly audit   '@supabase/auth-js': [ '2.93.3' ],
175 silly audit   '@supabase/functions-js': [ '2.93.3' ],
175 silly audit   '@supabase/postgrest-js': [ '2.93.3' ],
175 silly audit   '@supabase/realtime-js': [ '2.93.3' ],
175 silly audit   ws: [ '8.19.0', '7.5.10', '6.2.3' ],
175 silly audit   '@supabase/storage-js': [ '2.93.3' ],
175 silly audit   '@supabase/supabase-js': [ '2.93.3' ],
175 silly audit   '@svgr/babel-plugin-add-jsx-attribute': [ '8.0.0' ],
175 silly audit   '@svgr/babel-plugin-remove-jsx-attribute': [ '8.0.0' ],
175 silly audit   '@svgr/babel-plugin-remove-jsx-empty-expression': [ '8.0.0' ],
175 silly audit   '@svgr/babel-plugin-replace-jsx-attribute-value': [ '8.0.0' ],
175 silly audit   '@svgr/babel-plugin-svg-dynamic-title': [ '8.0.0' ],
175 silly audit   '@svgr/babel-plugin-svg-em-dimensions': [ '8.0.0' ],
175 silly audit   '@svgr/babel-plugin-transform-react-native-svg': [ '8.1.0' ],
175 silly audit   '@svgr/babel-plugin-transform-svg-component': [ '8.0.0' ],
175 silly audit   '@svgr/babel-preset': [ '8.1.0' ],
175 silly audit   '@svgr/core': [ '8.1.0' ],
175 silly audit   cosmiconfig: [ '8.3.6', '9.0.0' ],
175 silly audit   '@svgr/hast-util-to-babel-ast': [ '8.0.0' ],
175 silly audit   '@svgr/plugin-jsx': [ '8.1.0' ],
175 silly audit   '@svgr/plugin-svgo': [ '8.1.0' ],
175 silly audit   '@testing-library/jest-native': [ '5.4.3' ],
175 silly audit   '@testing-library/react-native': [ '13.3.3' ],
175 silly audit   'jest-diff': [ '30.2.0', '29.7.0' ],
175 silly audit   'jest-matcher-utils': [ '30.2.0', '29.7.0' ],
175 silly audit   'pretty-format': [ '30.2.0', '29.7.0' ],
175 silly audit   'react-is': [ '18.3.1', '16.13.1', '19.2.3' ],
175 silly audit   '@tootallnate/once': [ '2.0.0' ],
175 silly audit   '@trysound/sax': [ '0.2.0' ],
175 silly audit   '@tybys/wasm-util': [ '0.10.1' ],
175 silly audit   '@types/babel__core': [ '7.20.5' ],
175 silly audit   '@types/babel__generator': [ '7.27.0' ],
175 silly audit   '@types/babel__template': [ '7.4.4' ],
175 silly audit   '@types/babel__traverse': [ '7.28.0' ],
175 silly audit   '@types/estree': [ '1.0.8' ],
175 silly audit   '@types/geojson': [ '7946.0.16' ],
175 silly audit   '@types/graceful-fs': [ '4.1.9' ],
175 silly audit   '@types/hammerjs': [ '2.0.46' ],
175 silly audit   '@types/istanbul-lib-coverage': [ '2.0.6' ],
175 silly audit   '@types/istanbul-lib-report': [ '3.0.3' ],
175 silly audit   '@types/istanbul-reports': [ '3.0.4' ],
175 silly audit   '@types/jest': [ '29.5.14' ],
175 silly audit   '@types/jsdom': [ '20.0.1' ],
175 silly audit   '@types/json-schema': [ '7.0.15' ],
175 silly audit   '@types/json5': [ '0.0.29' ],
175 silly audit   '@types/node': [ '25.0.9' ],
175 silly audit   '@types/phoenix': [ '1.6.7' ],
175 silly audit   '@types/react': [ '19.1.17' ],
175 silly audit   '@types/react-native': [ '0.70.19' ],
175 silly audit   '@types/react-native-vector-icons': [ '6.4.18' ],
175 silly audit   '@types/stack-utils': [ '2.0.3' ],
175 silly audit   '@types/supercluster': [ '7.1.3' ],
175 silly audit   '@types/tough-cookie': [ '4.0.5' ],
175 silly audit   '@types/ws': [ '8.18.1' ],
175 silly audit   '@types/yargs': [ '17.0.35' ],
175 silly audit   '@types/yargs-parser': [ '21.0.3' ],
175 silly audit   '@typescript-eslint/eslint-plugin': [ '8.53.1' ],
175 silly audit   ignore: [ '7.0.5', '5.3.2' ],
175 silly audit   '@typescript-eslint/parser': [ '8.53.1' ],
175 silly audit   '@typescript-eslint/project-service': [ '8.53.1' ],
175 silly audit   '@typescript-eslint/scope-manager': [ '8.53.1' ],
175 silly audit   '@typescript-eslint/tsconfig-utils': [ '8.53.1' ],
175 silly audit   '@typescript-eslint/type-utils': [ '8.53.1' ],
175 silly audit   '@typescript-eslint/types': [ '8.53.1' ],
175 silly audit   '@typescript-eslint/typescript-estree': [ '8.53.1' ],
175 silly audit   '@typescript-eslint/utils': [ '8.53.1' ],
175 silly audit   '@typescript-eslint/visitor-keys': [ '8.53.1' ],
175 silly audit   '@ungap/structured-clone': [ '1.3.0' ],
175 silly audit   '@unrs/resolver-binding-android-arm-eabi': [ '1.11.1' ],
175 silly audit   '@unrs/resolver-binding-android-arm64': [ '1.11.1' ],
175 silly audit   '@unrs/resolver-binding-darwin-arm64': [ '1.11.1' ],
175 silly audit   '@unrs/resolver-binding-darwin-x64': [ '1.11.1' ],
175 silly audit   '@unrs/resolver-binding-freebsd-x64': [ '1.11.1' ],
175 silly audit   '@unrs/resolver-binding-linux-arm-gnueabihf': [ '1.11.1' ],
175 silly audit   '@unrs/resolver-binding-linux-arm-musleabihf': [ '1.11.1' ],
175 silly audit   '@unrs/resolver-binding-linux-arm64-gnu': [ '1.11.1' ],
175 silly audit   '@unrs/resolver-binding-linux-arm64-musl': [ '1.11.1' ],
175 silly audit   '@unrs/resolver-binding-linux-ppc64-gnu': [ '1.11.1' ],
175 silly audit   '@unrs/resolver-binding-linux-riscv64-gnu': [ '1.11.1' ],
175 silly audit   '@unrs/resolver-binding-linux-riscv64-musl': [ '1.11.1' ],
175 silly audit   '@unrs/resolver-binding-linux-s390x-gnu': [ '1.11.1' ],
175 silly audit   '@unrs/resolver-binding-linux-x64-gnu': [ '1.11.1' ],
175 silly audit   '@unrs/resolver-binding-linux-x64-musl': [ '1.11.1' ],
175 silly audit   '@unrs/resolver-binding-wasm32-wasi': [ '1.11.1' ],
175 silly audit   '@unrs/resolver-binding-win32-arm64-msvc': [ '1.11.1' ],
175 silly audit   '@unrs/resolver-binding-win32-ia32-msvc': [ '1.11.1' ],
175 silly audit   '@unrs/resolver-binding-win32-x64-msvc': [ '1.11.1' ],
175 silly audit   '@urql/core': [ '5.2.0' ],
175 silly audit   '@urql/exchange-retry': [ '1.3.2' ],
175 silly audit   '@vscode/sudo-prompt': [ '9.3.2' ],
175 silly audit   '@xmldom/xmldom': [ '0.8.11' ],
175 silly audit   abab: [ '2.0.6' ],
175 silly audit   'abort-controller': [ '3.0.0' ],
175 silly audit   accepts: [ '1.3.8' ],
175 silly audit   negotiator: [ '0.6.3', '0.6.4' ],
175 silly audit   acorn: [ '8.15.0' ],
175 silly audit   'acorn-globals': [ '7.0.1' ],
175 silly audit   'acorn-jsx': [ '5.3.2' ],
175 silly audit   'acorn-walk': [ '8.3.5' ],
175 silly audit   'agent-base': [ '7.1.4', '6.0.2' ],
175 silly audit   ajv: [ '6.12.6' ],
175 silly audit   anser: [ '1.4.10' ],
175 silly audit   'ansi-escapes': [ '4.3.2', '6.2.1' ],
175 silly audit   'type-fest': [ '0.21.3', '0.7.1' ],
175 silly audit   'ansi-fragments': [ '0.2.1' ],
175 silly audit   'ansi-regex': [ '5.0.1', '6.2.2', '4.1.1' ],
175 silly audit   'any-promise': [ '1.3.0' ],
175 silly audit   anymatch: [ '3.1.3' ],
175 silly audit   appdirsjs: [ '1.2.7' ],
175 silly audit   arg: [ '5.0.2' ],
175 silly audit   'aria-hidden': [ '1.2.6' ],
175 silly audit   'array-buffer-byte-length': [ '1.0.2' ],
175 silly audit   'array-includes': [ '3.1.9' ],
175 silly audit   'array-timsort': [ '1.0.3' ],
175 silly audit   'array.prototype.findlast': [ '1.2.5' ],
175 silly audit   'array.prototype.findlastindex': [ '1.2.6' ],
175 silly audit   'array.prototype.flat': [ '1.3.3' ],
175 silly audit   'array.prototype.flatmap': [ '1.3.3' ],
175 silly audit   'array.prototype.tosorted': [ '1.1.4' ],
175 silly audit   'arraybuffer.prototype.slice': [ '1.0.4' ],
175 silly audit   asap: [ '2.0.6' ],
175 silly audit   assert: [ '2.1.0' ],
175 silly audit   'astral-regex': [ '1.0.0' ],
175 silly audit   'async-function': [ '1.0.0' ],
175 silly audit   'async-limiter': [ '1.0.1' ],
175 silly audit   asynckit: [ '0.4.0' ],
175 silly audit   'at-least-node': [ '1.0.0' ],
175 silly audit   'available-typed-arrays': [ '1.0.7' ],
175 silly audit   'babel-jest': [ '29.7.0' ],
175 silly audit   'babel-plugin-istanbul': [ '6.1.1' ],
175 silly audit   'babel-plugin-jest-hoist': [ '29.6.3' ],
175 silly audit   'babel-plugin-module-resolver': [ '5.0.2' ],
175 silly audit   'lru-cache': [ '10.4.3', '5.1.1', '11.2.4' ],
175 silly audit   minipass: [ '4.2.8', '7.1.2' ],
175 silly audit   'path-scurry': [ '1.11.1', '2.0.1' ],
175 silly audit   'babel-plugin-polyfill-corejs2': [ '0.4.14' ],
175 silly audit   'babel-plugin-polyfill-corejs3': [ '0.13.0' ],
175 silly audit   'babel-plugin-polyfill-regenerator': [ '0.6.5' ],
175 silly audit   'babel-plugin-react-compiler': [ '1.0.0' ],
175 silly audit   'babel-plugin-react-native-web': [ '0.21.2' ],
175 silly audit   'babel-plugin-syntax-hermes-parser': [ '0.29.1' ],
175 silly audit   'babel-plugin-transform-flow-enums': [ '0.0.2' ],
175 silly audit   'babel-preset-current-node-syntax': [ '1.2.0' ],
175 silly audit   'babel-preset-expo': [ '54.0.10' ],
175 silly audit   'babel-preset-jest': [ '29.6.3' ],
175 silly audit   badgin: [ '1.2.3' ],
175 silly audit   'balanced-match': [ '1.0.2' ],
175 silly audit   'base64-js': [ '1.5.1' ],
175 silly audit   'baseline-browser-mapping': [ '2.9.16' ],
175 silly audit   'better-opn': [ '3.0.2' ],
175 silly audit   'big-integer': [ '1.6.52' ],
175 silly audit   'binary-extensions': [ '2.3.0' ],
175 silly audit   bl: [ '4.1.0' ],
175 silly audit   'body-parser': [ '1.20.4' ],
175 silly audit   ms: [ '2.0.0', '2.1.3' ],
175 silly audit   boolbase: [ '1.0.0' ],
175 silly audit   'bplist-creator': [ '0.1.0' ],
175 silly audit   'bplist-parser': [ '0.3.1' ],
175 silly audit   braces: [ '3.0.3' ],
175 silly audit   browserslist: [ '4.28.1' ],
175 silly audit   bser: [ '2.1.1' ],
175 silly audit   buffer: [ '5.7.1' ],
175 silly audit   'buffer-from': [ '1.1.2' ],
175 silly audit   bytes: [ '3.1.2' ],
175 silly audit   'call-bind': [ '1.0.8' ],
175 silly audit   'call-bind-apply-helpers': [ '1.0.2' ],
175 silly audit   'call-bound': [ '1.0.4' ],
175 silly audit   callsites: [ '3.1.0' ],
175 silly audit   'camelcase-css': [ '2.0.1' ],
175 silly audit   'caniuse-lite': [ '1.0.30001765' ],
175 silly audit   'char-regex': [ '1.0.2', '2.0.2' ],
175 silly audit   chokidar: [ '3.6.0' ],
175 silly audit   'glob-parent': [ '5.1.2', '6.0.2' ],
175 silly audit   chownr: [ '3.0.0' ],
175 silly audit   'chrome-launcher': [ '0.15.2' ],
175 silly audit   'chromium-edge-launcher': [ '0.2.0' ],
175 silly audit   'cjs-module-lexer': [ '1.4.3' ],
175 silly audit   'cli-spinners': [ '2.9.2' ],
175 silly audit   'client-only': [ '0.0.1' ],
175 silly audit   cliui: [ '8.0.1', '6.0.0', '7.0.4' ],
175 silly audit   clone: [ '1.0.4' ],
175 silly audit   co: [ '4.6.0' ],
175 silly audit   'collect-v8-coverage': [ '1.0.3' ],
175 silly audit   color: [ '4.2.3', '3.2.1' ],
175 silly audit   'color-string': [ '1.9.1' ],
175 silly audit   colorette: [ '1.4.0' ],
175 silly audit   'combined-stream': [ '1.0.8' ],
175 silly audit   'command-exists': [ '1.2.9' ],
175 silly audit   commander: [ '9.5.0', '7.2.0', '12.1.0', '4.1.1', '2.20.3' ],
175 silly audit   'comment-json': [ '4.5.1' ],
175 silly audit   compressible: [ '2.0.18' ],
175 silly audit   compression: [ '1.8.1' ],
175 silly audit   'concat-map': [ '0.0.1' ],
175 silly audit   connect: [ '3.7.0' ],
175 silly audit   'content-type': [ '1.0.5' ],
175 silly audit   'convert-source-map': [ '2.0.0' ],
175 silly audit   'core-js-compat': [ '3.47.0' ],
175 silly audit   'core-util-is': [ '1.0.3' ],
175 silly audit   'create-jest': [ '29.7.0' ],
175 silly audit   'cross-fetch': [ '3.2.0' ],
175 silly audit   'cross-spawn': [ '7.0.6' ],
175 silly audit   'crypto-random-string': [ '2.0.0' ],
175 silly audit   'css-in-js-utils': [ '3.1.0' ],
175 silly audit   'css-select': [ '5.2.2' ],
175 silly audit   'css-tree': [ '1.1.3', '2.2.1', '2.3.1' ],
175 silly audit   'source-map': [ '0.6.1', '0.5.7', '0.5.6' ],
175 silly audit   'css-what': [ '6.2.2' ],
175 silly audit   cssesc: [ '3.0.0' ],
175 silly audit   csso: [ '5.0.5' ],
175 silly audit   'mdn-data': [ '2.0.28', '2.0.14', '2.0.30' ],
175 silly audit   cssom: [ '0.5.0', '0.3.8' ],
175 silly audit   cssstyle: [ '2.3.0' ],
175 silly audit   csstype: [ '3.2.3' ],
175 silly audit   'data-urls': [ '3.0.2' ],
175 silly audit   tr46: [ '3.0.0', '0.0.3' ],
175 silly audit   'webidl-conversions': [ '7.0.0', '3.0.1', '5.0.0' ],
175 silly audit   'whatwg-url': [ '11.0.0', '5.0.0' ],
175 silly audit   'data-view-buffer': [ '1.0.2' ],
175 silly audit   'data-view-byte-length': [ '1.0.2' ],
175 silly audit   'data-view-byte-offset': [ '1.0.1' ],
175 silly audit   dayjs: [ '1.11.19' ],
175 silly audit   decamelize: [ '1.2.0' ],
175 silly audit   'decimal.js': [ '10.6.0' ],
175 silly audit   'decode-uri-component': [ '0.2.2' ],
175 silly audit   dedent: [ '1.7.2' ],
175 silly audit   'deep-extend': [ '0.6.0' ],
175 silly audit   'deep-is': [ '0.1.4' ],
175 silly audit   deepmerge: [ '4.3.1' ],
175 silly audit   defaults: [ '1.0.4' ],
175 silly audit   'define-data-property': [ '1.1.4' ],
175 silly audit   'define-lazy-prop': [ '2.0.0' ],
175 silly audit   'define-properties': [ '1.2.1' ],
175 silly audit   'delayed-stream': [ '1.0.0' ],
175 silly audit   depd: [ '2.0.0' ],
175 silly audit   destroy: [ '1.2.0' ],
175 silly audit   'detect-libc': [ '2.1.2', '1.0.3' ],
175 silly audit   'detect-newline': [ '3.1.0' ],
175 silly audit   'detect-node-es': [ '1.1.0' ],
175 silly audit   didyoumean: [ '1.2.2' ],
175 silly audit   'diff-sequences': [ '29.6.3' ],
175 silly audit   dlv: [ '1.1.3' ],
175 silly audit   doctrine: [ '2.1.0' ],
175 silly audit   'dom-serializer': [ '2.0.0' ],
175 silly audit   domelementtype: [ '2.3.0' ],
175 silly audit   domexception: [ '4.0.0' ],
175 silly audit   domhandler: [ '5.0.3' ],
175 silly audit   domutils: [ '3.2.2' ],
175 silly audit   'dot-case': [ '3.0.4' ],
175 silly audit   dotenv: [ '16.4.7' ],
175 silly audit   'dotenv-expand': [ '11.0.7' ],
175 silly audit   'dunder-proto': [ '1.0.1' ],
175 silly audit   earcut: [ '3.0.2' ],
175 silly audit   'ee-first': [ '1.1.1' ],
175 silly audit   'electron-to-chromium': [ '1.5.267' ],
175 silly audit   emittery: [ '0.13.1' ],
175 silly audit   'emoji-regex': [ '8.0.0' ],
175 silly audit   encodeurl: [ '1.0.2', '2.0.0' ],
175 silly audit   entities: [ '4.5.0', '6.0.1' ],
175 silly audit   'env-editor': [ '0.4.2' ],
175 silly audit   'env-paths': [ '2.2.1' ],
175 silly audit   envinfo: [ '7.21.0' ],
175 silly audit   'error-ex': [ '1.3.4' ],
175 silly audit   'error-stack-parser': [ '2.1.4' ],
175 silly audit   errorhandler: [ '1.5.2' ],
175 silly audit   'es-abstract': [ '1.24.1' ],
175 silly audit   'es-define-property': [ '1.0.1' ],
175 silly audit   'es-errors': [ '1.3.0' ],
175 silly audit   'es-iterator-helpers': [ '1.2.2' ],
175 silly audit   'es-object-atoms': [ '1.1.1' ],
175 silly audit   'es-set-tostringtag': [ '2.1.0' ],
175 silly audit   'es-shim-unscopables': [ '1.1.0' ],
175 silly audit   'es-to-primitive': [ '1.3.0' ],
175 silly audit   escalade: [ '3.2.0' ],
175 silly audit   'escape-html': [ '1.0.3' ],
175 silly audit   escodegen: [ '2.1.0' ],
175 silly audit   eslint: [ '9.39.2' ],
175 silly audit   'eslint-config-expo': [ '10.0.0' ],
175 silly audit   'eslint-import-resolver-typescript': [ '3.10.1', '4.4.4' ],
175 silly audit   globals: [ '16.5.0', '14.0.0' ],
175 silly audit   'eslint-import-context': [ '0.1.9' ],
175 silly audit   'eslint-import-resolver-node': [ '0.3.9' ],
175 silly audit   'eslint-module-utils': [ '2.12.1' ],
175 silly audit   'eslint-plugin-expo': [ '1.0.0' ],
175 silly audit   'eslint-plugin-import': [ '2.32.0' ],
175 silly audit   'eslint-plugin-react': [ '7.37.5' ],
175 silly audit   'eslint-plugin-react-hooks': [ '5.2.0' ],
175 silly audit   resolve: [ '2.0.0-next.5', '1.7.1', '1.22.11' ],
175 silly audit   'eslint-scope': [ '8.4.0' ],
175 silly audit   espree: [ '10.4.0' ],
175 silly audit   esprima: [ '4.0.1' ],
175 silly audit   esquery: [ '1.7.0' ],
175 silly audit   esrecurse: [ '4.3.0' ],
175 silly audit   estraverse: [ '5.3.0' ],
175 silly audit   esutils: [ '2.0.3' ],
175 silly audit   etag: [ '1.8.1' ],
175 silly audit   'event-target-shim': [ '5.0.1' ],
175 silly audit   execa: [ '5.1.1' ],
175 silly audit   exit: [ '0.1.2' ],
175 silly audit   expect: [ '29.7.0' ],
175 silly audit   expo: [ '54.0.33' ],
175 silly audit   'expo-application': [ '7.0.8' ],
175 silly audit   'expo-asset': [ '12.0.12' ],
175 silly audit   'expo-blur': [ '15.0.8' ],
175 silly audit   'expo-constants': [ '18.0.13' ],
175 silly audit   'expo-file-system': [ '19.0.21' ],
175 silly audit   'expo-font': [ '14.0.11' ],
175 silly audit   'expo-haptics': [ '15.0.8' ],
175 silly audit   'expo-image': [ '3.0.11' ],
175 silly audit   'expo-image-loader': [ '6.0.0' ],
175 silly audit   'expo-image-picker': [ '17.0.10' ],
175 silly audit   'expo-keep-awake': [ '15.0.8' ],
175 silly audit   'expo-linking': [ '8.0.11' ],
175 silly audit   'expo-location': [ '19.0.8' ],
175 silly audit   'expo-modules-autolinking': [ '3.0.24' ],
175 silly audit   'expo-modules-core': [ '3.0.29' ],
175 silly audit   'expo-notifications': [ '0.32.16' ],
175 silly audit   'expo-router': [ '6.0.23' ],
175 silly audit   '@radix-ui/react-collection': [ '1.1.7' ],
175 silly audit   '@radix-ui/react-presence': [ '1.1.5' ],
175 silly audit   '@radix-ui/react-primitive': [ '2.1.3' ],
175 silly audit   '@radix-ui/react-roving-focus': [ '1.1.11' ],
175 silly audit   '@radix-ui/react-tabs': [ '1.1.13' ],
175 silly audit   'expo-secure-store': [ '15.0.8' ],
175 silly audit   'expo-server': [ '1.0.5' ],
175 silly audit   'expo-speech-recognition': [ '3.1.0' ],
175 silly audit   'expo-splash-screen': [ '31.0.13' ],
175 silly audit   'expo-status-bar': [ '3.0.9' ],
175 silly audit   'expo-symbols': [ '1.0.8' ],
175 silly audit   'expo-system-ui': [ '6.0.9' ],
175 silly audit   'expo-task-manager': [ '14.0.9' ],
175 silly audit   'expo-web-browser': [ '15.0.10' ],
175 silly audit   '@expo/cli': [ '54.0.23' ],
175 silly audit   picomatch: [ '3.0.1', '2.3.1', '4.0.3' ],
175 silly audit   'exponential-backoff': [ '3.1.3' ],
175 silly audit   'fast-deep-equal': [ '3.1.3' ],
175 silly audit   'fast-glob': [ '3.3.3' ],
175 silly audit   'fast-json-stable-stringify': [ '2.1.0' ],
175 silly audit   'fast-levenshtein': [ '2.0.6' ],
175 silly audit   'fast-xml-parser': [ '4.5.3' ],
175 silly audit   fastq: [ '1.20.1' ],
175 silly audit   'fb-watchman': [ '2.0.2' ],
175 silly audit   fbjs: [ '3.0.5' ],
175 silly audit   'fbjs-css-vars': [ '1.0.2' ],
175 silly audit   promise: [ '7.3.1', '8.3.0' ],
175 silly audit   'file-entry-cache': [ '8.0.0' ],
175 silly audit   'fill-range': [ '7.1.1' ],
175 silly audit   'filter-obj': [ '1.1.0' ],
175 silly audit   finalhandler: [ '1.1.2' ],
175 silly audit   'on-finished': [ '2.3.0', '2.4.1' ],
175 silly audit   'find-babel-config': [ '2.1.2' ],
175 silly audit   'flat-cache': [ '4.0.1' ],
175 silly audit   flatted: [ '3.3.3' ],
175 silly audit   'flow-enums-runtime': [ '0.0.6' ],
175 silly audit   fontfaceobserver: [ '2.3.0' ],
175 silly audit   'for-each': [ '0.3.5' ],
175 silly audit   'form-data': [ '4.0.5' ],
175 silly audit   'freeport-async': [ '2.0.0' ],
175 silly audit   fresh: [ '0.5.2' ],
175 silly audit   'fs.realpath': [ '1.0.0' ],
175 silly audit   fsevents: [ '2.3.3' ],
175 silly audit   'function-bind': [ '1.1.2' ],
175 silly audit   'function.prototype.name': [ '1.1.8' ],
175 silly audit   'functions-have-names': [ '1.2.3' ],
175 silly audit   'generator-function': [ '2.0.1' ],
175 silly audit   gensync: [ '1.0.0-beta.2' ],
175 silly audit   'get-caller-file': [ '2.0.5' ],
175 silly audit   'get-intrinsic': [ '1.3.0' ],
175 silly audit   'get-nonce': [ '1.0.1' ],
175 silly audit   'get-package-type': [ '0.1.0' ],
175 silly audit   'get-proto': [ '1.0.1' ],
175 silly audit   'get-stream': [ '6.0.1' ],
175 silly audit   'get-symbol-description': [ '1.1.0' ],
175 silly audit   'get-tsconfig': [ '4.13.0' ],
175 silly audit   'gl-matrix': [ '3.4.4' ],
175 silly audit   'global-dirs': [ '0.1.1' ],
175 silly audit   globalthis: [ '1.0.4' ],
175 silly audit   gopd: [ '1.2.0' ],
175 silly audit   'graceful-fs': [ '4.2.11' ],
175 silly audit   'has-bigints': [ '1.1.0' ],
175 silly audit   'has-property-descriptors': [ '1.0.2' ],
175 silly audit   'has-proto': [ '1.2.0' ],
175 silly audit   'has-symbols': [ '1.1.0' ],
175 silly audit   'has-tostringtag': [ '1.0.2' ],
175 silly audit   hasown: [ '2.0.2' ],
175 silly audit   'hermes-estree': [ '0.29.1', '0.32.0' ],
175 silly audit   'hermes-parser': [ '0.29.1', '0.32.0' ],
175 silly audit   'hoist-non-react-statics': [ '3.3.2' ],
175 silly audit   'hosted-git-info': [ '7.0.2' ],
175 silly audit   'html-encoding-sniffer': [ '3.0.0' ],
175 silly audit   'html-escaper': [ '2.0.2' ],
175 silly audit   'html-parse-stringify': [ '3.0.1' ],
175 silly audit   'http-errors': [ '2.0.1' ],
175 silly audit   statuses: [ '2.0.2', '1.5.0' ],
175 silly audit   'http-proxy-agent': [ '5.0.0' ],
175 silly audit   'https-proxy-agent': [ '7.0.6', '5.0.1' ],
175 silly audit   'human-signals': [ '2.1.0' ],
175 silly audit   'hyphenate-style-name': [ '1.1.0' ],
175 silly audit   i18next: [ '25.8.19' ],
175 silly audit   'iceberg-js': [ '0.8.1' ],
175 silly audit   'iconv-lite': [ '0.4.24', '0.6.3' ],
175 silly audit   ieee754: [ '1.2.1' ],
175 silly audit   'image-size': [ '1.2.1' ],
175 silly audit   'import-fresh': [ '3.3.1' ],
175 silly audit   'resolve-from': [ '4.0.0', '5.0.0' ],
175 silly audit   'import-local': [ '3.2.0' ],
175 silly audit   imurmurhash: [ '0.1.4' ],
175 silly audit   'indent-string': [ '4.0.0' ],
175 silly audit   inflight: [ '1.0.6' ],
175 silly audit   inherits: [ '2.0.4' ],
175 silly audit   ini: [ '1.3.8' ],
175 silly audit   'inline-style-prefixer': [ '7.0.1' ],
175 silly audit   'internal-slot': [ '1.1.0' ],
175 silly audit   invariant: [ '2.2.4' ],
175 silly audit   'is-arguments': [ '1.2.0' ],
175 silly audit   'is-array-buffer': [ '3.0.5' ],
175 silly audit   'is-arrayish': [ '0.2.1', '0.3.4' ],
175 silly audit   'is-async-function': [ '2.1.1' ],
175 silly audit   'is-bigint': [ '1.1.0' ],
175 silly audit   'is-binary-path': [ '2.1.0' ],
175 silly audit   'is-boolean-object': [ '1.2.2' ],
175 silly audit   'is-bun-module': [ '2.0.0' ],
175 silly audit   'is-callable': [ '1.2.7' ],
175 silly audit   'is-core-module': [ '2.16.1' ],
175 silly audit   'is-data-view': [ '1.0.2' ],
175 silly audit   'is-date-object': [ '1.1.0' ],
175 silly audit   'is-docker': [ '2.2.1' ],
175 silly audit   'is-extglob': [ '2.1.1' ],
175 silly audit   'is-finalizationregistry': [ '1.1.1' ],
175 silly audit   'is-fullwidth-code-point': [ '2.0.0', '3.0.0' ],
175 silly audit   'is-generator-fn': [ '2.1.0' ],
175 silly audit   'is-generator-function': [ '1.1.2' ],
175 silly audit   'is-glob': [ '4.0.3' ],
175 silly audit   'is-interactive': [ '1.0.0' ],
175 silly audit   'is-map': [ '2.0.3' ],
175 silly audit   'is-nan': [ '1.3.2' ],
175 silly audit   'is-negative-zero': [ '2.0.3' ],
175 silly audit   'is-number': [ '7.0.0' ],
175 silly audit   'is-number-object': [ '1.1.1' ],
175 silly audit   'is-plain-obj': [ '2.1.0' ],
175 silly audit   'is-potential-custom-element-name': [ '1.0.1' ],
175 silly audit   'is-regex': [ '1.2.1' ],
175 silly audit   'is-set': [ '2.0.3' ],
175 silly audit   'is-shared-array-buffer': [ '1.0.4' ],
175 silly audit   'is-stream': [ '2.0.1' ],
175 silly audit   'is-string': [ '1.1.1' ],
175 silly audit   'is-symbol': [ '1.1.1' ],
175 silly audit   'is-typed-array': [ '1.1.15' ],
175 silly audit   'is-unicode-supported': [ '0.1.0' ],
175 silly audit   'is-weakmap': [ '2.0.2' ],
175 silly audit   'is-weakref': [ '1.1.1' ],
175 silly audit   'is-weakset': [ '2.0.4' ],
175 silly audit   isarray: [ '2.0.5' ],
175 silly audit   isexe: [ '2.0.0' ],
175 silly audit   'istanbul-lib-coverage': [ '3.2.2' ],
175 silly audit   'istanbul-lib-report': [ '3.0.1' ],
175 silly audit   'istanbul-lib-source-maps': [ '4.0.1' ],
175 silly audit   'istanbul-reports': [ '3.2.0' ],
175 silly audit   'iterator.prototype': [ '1.1.5' ],
175 silly audit   jest: [ '29.7.0' ],
175 silly audit   'jest-changed-files': [ '29.7.0' ],
175 silly audit   'jest-circus': [ '29.7.0' ],
175 silly audit   'jest-cli': [ '29.7.0' ],
175 silly audit   'jest-config': [ '29.7.0' ],
175 silly audit   'jest-docblock': [ '29.7.0' ],
175 silly audit   'jest-each': [ '29.7.0' ],
175 silly audit   'jest-environment-jsdom': [ '29.7.0' ],
175 silly audit   'jest-environment-node': [ '29.7.0' ],
175 silly audit   'jest-expo': [ '55.0.11' ],
175 silly audit   react: [ '19.2.4', '19.1.0' ],
175 silly audit   'react-test-renderer': [ '19.2.0', '19.1.0' ],
175 silly audit   scheduler: [ '0.27.0', '0.26.0' ],
175 silly audit   'jest-get-type': [ '29.6.3' ],
175 silly audit   'jest-haste-map': [ '29.7.0' ],
175 silly audit   'jest-leak-detector': [ '29.7.0' ],
175 silly audit   'jest-message-util': [ '29.7.0' ],
175 silly audit   'jest-mock': [ '29.7.0' ],
175 silly audit   'jest-pnp-resolver': [ '1.2.3' ],
175 silly audit   'jest-regex-util': [ '29.6.3' ],
175 silly audit   'jest-resolve': [ '29.7.0' ],
175 silly audit   'jest-resolve-dependencies': [ '29.7.0' ],
175 silly audit   'jest-runner': [ '29.7.0' ],
175 silly audit   'source-map-support': [ '0.5.13', '0.5.21' ],
175 silly audit   'jest-runtime': [ '29.7.0' ],
175 silly audit   'strip-bom': [ '4.0.0', '3.0.0' ],
175 silly audit   'jest-snapshot': [ '29.7.0' ],
175 silly audit   'jest-util': [ '29.7.0' ],
175 silly audit   'jest-validate': [ '29.7.0' ],
175 silly audit   'jest-watch-select-projects': [ '2.0.0' ],
175 silly audit   'jest-watch-typeahead': [ '2.2.1' ],
175 silly audit   slash: [ '5.1.0', '3.0.0' ],
175 silly audit   'string-length': [ '5.0.1', '4.0.2' ],
175 silly audit   'jest-watcher': [ '29.7.0' ],
175 silly audit   'jest-worker': [ '29.7.0' ],
175 silly audit   'jimp-compact': [ '0.16.1' ],
175 silly audit   jiti: [ '1.21.7' ],
175 silly audit   joi: [ '17.13.3' ],
175 silly audit   'js-tokens': [ '4.0.0' ],
175 silly audit   'jsc-safe-url': [ '0.2.4' ],
175 silly audit   jsdom: [ '20.0.3' ],
175 silly audit   jsesc: [ '3.1.0' ],
175 silly audit   'json-buffer': [ '3.0.1' ],
175 silly audit   'json-parse-even-better-errors': [ '2.3.1' ],
175 silly audit   'json-schema-traverse': [ '0.4.1' ],
175 silly audit   'json-stable-stringify-without-jsonify': [ '1.0.1' ],
175 silly audit   'json-stringify-pretty-compact': [ '4.0.0' ],
175 silly audit   'jsx-ast-utils': [ '3.3.5' ],
175 silly audit   kdbush: [ '4.0.2' ],
175 silly audit   keyv: [ '4.5.4' ],
175 silly audit   kleur: [ '3.0.3' ],
175 silly audit   'lan-network': [ '0.1.7' ],
175 silly audit   'launch-editor': [ '2.12.0' ],
175 silly audit   leven: [ '3.1.0' ],
175 silly audit   levn: [ '0.4.1' ],
175 silly audit   'lighthouse-logger': [ '1.4.2' ],
175 silly audit   lightningcss: [ '1.32.0', '1.27.0' ],
175 silly audit   'lightningcss-android-arm64': [ '1.32.0' ],
175 silly audit   'lightningcss-darwin-arm64': [ '1.32.0', '1.27.0' ],
175 silly audit   'lightningcss-darwin-x64': [ '1.32.0', '1.27.0' ],
175 silly audit   'lightningcss-freebsd-x64': [ '1.32.0', '1.27.0' ],
175 silly audit   'lightningcss-linux-arm-gnueabihf': [ '1.32.0', '1.27.0' ],
175 silly audit   'lightningcss-linux-arm64-gnu': [ '1.32.0', '1.27.0' ],
175 silly audit   'lightningcss-linux-arm64-musl': [ '1.32.0', '1.27.0' ],
175 silly audit   'lightningcss-linux-x64-gnu': [ '1.32.0', '1.27.0' ],
175 silly audit   'lightningcss-linux-x64-musl': [ '1.32.0', '1.27.0' ],
175 silly audit   'lightningcss-win32-arm64-msvc': [ '1.32.0', '1.27.0' ],
175 silly audit   'lightningcss-win32-x64-msvc': [ '1.32.0', '1.27.0' ],
175 silly audit   lilconfig: [ '3.1.3' ],
175 silly audit   'lines-and-columns': [ '1.2.4' ],
175 silly audit   lodash: [ '4.17.21' ],
175 silly audit   'lodash.debounce': [ '4.0.8' ],
175 silly audit   'lodash.isequal': [ '4.5.0' ],
175 silly audit   'lodash.merge': [ '4.6.2' ],
175 silly audit   'lodash.throttle': [ '4.1.1' ],
175 silly audit   logkitty: [ '0.7.1' ],
175 silly audit   'wrap-ansi': [ '6.2.0', '7.0.0' ],
175 silly audit   y18n: [ '4.0.3', '5.0.8' ],
175 silly audit   yargs: [ '15.4.1', '16.2.0', '17.7.2' ],
175 silly audit   'yargs-parser': [ '18.1.3', '20.2.9', '21.1.1' ],
175 silly audit   'loose-envify': [ '1.4.0' ],
175 silly audit   'lower-case': [ '2.0.2' ],
175 silly audit   'make-dir': [ '4.0.0' ],
175 silly audit   makeerror: [ '1.0.12' ],
175 silly audit   'maplibre-gl': [ '5.20.2' ],
175 silly audit   marky: [ '1.3.0' ],
175 silly audit   'math-intrinsics': [ '1.1.0' ],
175 silly audit   'media-typer': [ '0.3.0' ],
175 silly audit   'memoize-one': [ '5.2.1', '6.0.0' ],
175 silly audit   'merge-options': [ '3.0.4' ],
175 silly audit   'merge-stream': [ '2.0.0' ],
175 silly audit   merge2: [ '1.4.1' ],
175 silly audit   metro: [ '0.83.3' ],
175 silly audit   'metro-babel-transformer': [ '0.83.3' ],
175 silly audit   'metro-cache': [ '0.83.3' ],
175 silly audit   'metro-cache-key': [ '0.83.3' ],
175 silly audit   'metro-config': [ '0.83.3' ],
175 silly audit   'metro-core': [ '0.83.3' ],
175 silly audit   'metro-file-map': [ '0.83.3' ],
175 silly audit   'metro-minify-terser': [ '0.83.3' ],
175 silly audit   'metro-resolver': [ '0.83.3' ],
175 silly audit   'metro-runtime': [ '0.83.3' ],
175 silly audit   'metro-source-map': [ '0.83.3' ],
175 silly audit   'metro-symbolicate': [ '0.83.3' ],
175 silly audit   'metro-transform-plugins': [ '0.83.3' ],
175 silly audit   'metro-transform-worker': [ '0.83.3' ],
175 silly audit   micromatch: [ '4.0.8' ],
175 silly audit   mime: [ '2.6.0', '1.6.0' ],
175 silly audit   'mime-db': [ '1.54.0', '1.52.0' ],
175 silly audit   'mime-types': [ '2.1.35' ],
175 silly audit   'min-indent': [ '1.0.1' ],
175 silly audit   minimist: [ '1.2.8' ],
175 silly audit   minizlib: [ '3.1.0' ],
175 silly audit   mkdirp: [ '1.0.4' ],
175 silly audit   'murmurhash-js': [ '1.0.0' ],
175 silly audit   mz: [ '2.7.0' ],
175 silly audit   nanoid: [ '3.3.11' ],
175 silly audit   'napi-postinstall': [ '0.3.4' ],
175 silly audit   nativewind: [ '4.2.1' ],
175 silly audit   'natural-compare': [ '1.4.0' ],
175 silly audit   'nested-error-stacks': [ '2.0.1' ],
175 silly audit   'no-case': [ '3.0.4' ],
175 silly audit   nocache: [ '3.0.4' ],
175 silly audit   'node-fetch': [ '2.7.0' ],
175 silly audit   'node-forge': [ '1.3.3' ],
175 silly audit   'node-int64': [ '0.4.0' ],
175 silly audit   'node-releases': [ '2.0.27' ],
175 silly audit   'node-stream-zip': [ '1.15.0' ],
175 silly audit   'normalize-path': [ '3.0.0' ],
175 silly audit   'npm-package-arg': [ '11.0.3' ],
175 silly audit   'npm-run-path': [ '4.0.1' ],
175 silly audit   'nth-check': [ '2.1.1' ],
175 silly audit   nullthrows: [ '1.1.1' ],
175 silly audit   nwsapi: [ '2.2.23' ],
175 silly audit   ob1: [ '0.83.3' ],
175 silly audit   'object-assign': [ '4.1.1' ],
175 silly audit   'object-hash': [ '3.0.0' ],
175 silly audit   'object-inspect': [ '1.13.4' ],
175 silly audit   'object-is': [ '1.1.6' ],
175 silly audit   'object-keys': [ '1.1.1' ],
175 silly audit   'object.assign': [ '4.1.7' ],
175 silly audit   'object.entries': [ '1.1.9' ],
175 silly audit   'object.fromentries': [ '2.0.8' ],
175 silly audit   'object.groupby': [ '1.0.3' ],
175 silly audit   'object.values': [ '1.2.1' ],
175 silly audit   'on-headers': [ '1.1.0' ],
175 silly audit   once: [ '1.4.0' ],
175 silly audit   'opencollective-postinstall': [ '2.0.3' ],
175 silly audit   optionator: [ '0.9.4' ],
175 silly audit   'own-keys': [ '1.0.1' ],
175 silly audit   'p-try': [ '2.2.0' ],
175 silly audit   'parent-module': [ '1.0.1' ],
175 silly audit   'parse-json': [ '5.2.0' ],
175 silly audit   'parse-png': [ '2.1.0' ],
175 silly audit   parse5: [ '7.3.0' ],
175 silly audit   parseurl: [ '1.3.3' ],
175 silly audit   'path-dirname': [ '1.0.2' ],
175 silly audit   'path-exists': [ '4.0.0', '3.0.0' ],
175 silly audit   'path-is-absolute': [ '1.0.1' ],
175 silly audit   'path-key': [ '3.1.1' ],
175 silly audit   'path-parse': [ '1.0.7' ],
175 silly audit   'path-type': [ '4.0.0' ],
175 silly audit   pbf: [ '4.0.1' ],
175 silly audit   picocolors: [ '1.1.1' ],
175 silly audit   pify: [ '2.3.0' ],
175 silly audit   pirates: [ '4.0.7' ],
175 silly audit   'pkg-dir': [ '4.2.0' ],
175 silly audit   'pkg-up': [ '3.1.0' ],
175 silly audit   plist: [ '3.1.0' ],
175 silly audit   pngjs: [ '3.4.0' ],
175 silly audit   'possible-typed-array-names': [ '1.1.0' ],
175 silly audit   postcss: [ '8.4.49' ],
175 silly audit   'postcss-import': [ '15.1.0' ],
175 silly audit   'postcss-js': [ '4.1.0' ],
175 silly audit   'postcss-load-config': [ '6.0.1' ],
175 silly audit   'postcss-nested': [ '6.2.0' ],
175 silly audit   'postcss-selector-parser': [ '6.1.2' ],
175 silly audit   'postcss-value-parser': [ '4.2.0' ],
175 silly audit   potpack: [ '2.1.0' ],
175 silly audit   'prelude-ls': [ '1.2.1' ],
175 silly audit   'pretty-bytes': [ '5.6.0' ],
175 silly audit   'proc-log': [ '4.2.0' ],
175 silly audit   progress: [ '2.0.3' ],
175 silly audit   prompts: [ '2.4.2' ],
175 silly audit   'prop-types': [ '15.8.1' ],
175 silly audit   'protocol-buffers-schema': [ '3.6.0' ],
175 silly audit   psl: [ '1.15.0' ],
175 silly audit   punycode: [ '2.3.1' ],
175 silly audit   'pure-rand': [ '6.1.0' ],
175 silly audit   'qrcode-terminal': [ '0.11.0' ],
175 silly audit   qs: [ '6.14.1' ],
175 silly audit   'query-string': [ '7.1.3' ],
175 silly audit   querystringify: [ '2.2.0' ],
175 silly audit   queue: [ '6.0.2' ],
175 silly audit   'queue-microtask': [ '1.2.3' ],
175 silly audit   quickselect: [ '3.0.0' ],
175 silly audit   'range-parser': [ '1.2.1' ],
175 silly audit   'raw-body': [ '2.5.3' ],
175 silly audit   rc: [ '1.2.8' ],
175 silly audit   'strip-json-comments': [ '2.0.1', '3.1.1' ],
175 silly audit   'react-devtools-core': [ '6.1.5' ],
175 silly audit   'react-dom': [ '19.1.0' ],
175 silly audit   'react-fast-compare': [ '3.2.2' ],
175 silly audit   'react-freeze': [ '1.0.4' ],
175 silly audit   'react-i18next': [ '16.5.8' ],
175 silly audit   'react-native': [ '0.81.5' ],
175 silly audit   'react-native-animatable': [ '1.3.3' ],
175 silly audit   'react-native-css-interop': [ '0.2.1' ],
175 silly audit   'react-native-elements': [ '3.4.3' ],
175 silly audit   'react-native-geolocation-service': [ '5.3.1' ],
175 silly audit   'react-native-gesture-handler': [ '2.28.0' ],
175 silly audit   'react-native-immediate-phone-call': [ '2.0.0' ],
175 silly audit   'react-native-is-edge-to-edge': [ '1.2.1' ],
175 silly audit   'react-native-maps': [ '1.20.1' ],
175 silly audit   'react-native-modal': [ '13.0.1' ],
175 silly audit   'react-native-ratings': [ '8.0.4' ],
175 silly audit   'react-native-reanimated': [ '4.1.6' ],
175 silly audit   'react-native-safe-area-context': [ '5.6.2' ],
175 silly audit   'react-native-screens': [ '4.16.0' ],
175 silly audit   'react-native-size-matters': [ '0.3.1' ],
175 silly audit   'react-native-svg': [ '15.12.1' ],
175 silly audit   'react-native-svg-transformer': [ '1.5.3' ],
175 silly audit   'react-native-url-polyfill': [ '3.0.0' ],
175 silly audit   'react-native-vector-icons': [ '10.3.0' ],
175 silly audit   'react-native-web': [ '0.21.2' ],
175 silly audit   'react-native-webview': [ '13.15.0' ],
175 silly audit   'react-native-worklets': [ '0.5.1' ],
175 silly audit   '@react-native/virtualized-lists': [ '0.81.5' ],
175 silly audit   'react-refresh': [ '0.14.2' ],
175 silly audit   'react-remove-scroll': [ '2.7.2' ],
175 silly audit   'react-remove-scroll-bar': [ '2.3.8' ],
175 silly audit   'react-style-singleton': [ '2.2.3' ],
175 silly audit   'read-cache': [ '1.0.0' ],
175 silly audit   'readable-stream': [ '3.6.2' ],
175 silly audit   readdirp: [ '3.6.0' ],
175 silly audit   redent: [ '3.0.0' ],
175 silly audit   'reflect.getprototypeof': [ '1.0.10' ],
175 silly audit   regenerate: [ '1.4.2' ],
175 silly audit   'regenerate-unicode-properties': [ '10.2.2' ],
175 silly audit   'regenerator-runtime': [ '0.13.11' ],
175 silly audit   'regexp.prototype.flags': [ '1.5.4' ],
175 silly audit   'regexpu-core': [ '6.4.0' ],
175 silly audit   regjsgen: [ '0.8.0' ],
175 silly audit   regjsparser: [ '0.13.0' ],
175 silly audit   'require-directory': [ '2.1.1' ],
175 silly audit   'require-from-string': [ '2.0.2' ],
175 silly audit   'require-main-filename': [ '2.0.0' ],
175 silly audit   requireg: [ '0.2.2' ],
175 silly audit   'requires-port': [ '1.0.0' ],
175 silly audit   reselect: [ '4.1.8' ],
175 silly audit   'resolve-cwd': [ '3.0.0' ],
175 silly audit   'resolve-global': [ '1.0.0' ],
175 silly audit   'resolve-pkg-maps': [ '1.0.0' ],
175 silly audit   'resolve-protobuf-schema': [ '2.1.0' ],
175 silly audit   'resolve-workspace-root': [ '2.0.1' ],
175 silly audit   'resolve.exports': [ '2.0.3' ],
175 silly audit   reusify: [ '1.1.0' ],
175 silly audit   rimraf: [ '3.0.2' ],
175 silly audit   'run-parallel': [ '1.2.0' ],
175 silly audit   rw: [ '1.3.3' ],
175 silly audit   'safe-array-concat': [ '1.1.3' ],
175 silly audit   'safe-buffer': [ '5.2.1' ],
175 silly audit   'safe-push-apply': [ '1.0.0' ],
175 silly audit   'safe-regex-test': [ '1.1.0' ],
175 silly audit   'safer-buffer': [ '2.1.2' ],
175 silly audit   sax: [ '1.4.4' ],
175 silly audit   saxes: [ '6.0.0' ],
175 silly audit   send: [ '0.19.2' ],
175 silly audit   'serialize-error': [ '2.1.0' ],
175 silly audit   'serve-static': [ '1.16.3' ],
175 silly audit   'server-only': [ '0.0.1' ],
175 silly audit   'set-blocking': [ '2.0.0' ],
175 silly audit   'set-function-length': [ '1.2.2' ],
175 silly audit   'set-function-name': [ '2.0.2' ],
175 silly audit   'set-proto': [ '1.0.0' ],
175 silly audit   setimmediate: [ '1.0.5' ],
175 silly audit   setprototypeof: [ '1.2.0' ],
175 silly audit   'sf-symbols-typescript': [ '2.2.0' ],
175 silly audit   shallowequal: [ '1.1.0' ],
175 silly audit   'shebang-command': [ '2.0.0' ],
175 silly audit   'shebang-regex': [ '3.0.0' ],
175 silly audit   'shell-quote': [ '1.8.3' ],
175 silly audit   'side-channel': [ '1.1.0' ],
175 silly audit   'side-channel-list': [ '1.0.0' ],
175 silly audit   'side-channel-map': [ '1.0.1' ],
175 silly audit   'side-channel-weakmap': [ '1.0.2' ],
175 silly audit   'signal-exit': [ '3.0.7' ],
175 silly audit   'simple-plist': [ '1.3.1' ],
175 silly audit   'simple-swizzle': [ '0.2.4' ],
175 silly audit   sisteransi: [ '1.0.5' ],
175 silly audit   'slice-ansi': [ '2.1.0' ],
175 silly audit   slugify: [ '1.6.6' ],
175 silly audit   'snake-case': [ '3.0.4' ],
175 silly audit   'source-map-js': [ '1.2.1' ],
175 silly audit   'split-on-first': [ '1.1.0' ],
175 silly audit   'sprintf-js': [ '1.0.3' ],
175 silly audit   'stable-hash': [ '0.0.5' ],
175 silly audit   'stable-hash-x': [ '0.2.0' ],
175 silly audit   'stack-generator': [ '2.0.10' ],
175 silly audit   'stack-utils': [ '2.0.6' ],
175 silly audit   stackframe: [ '1.3.4' ],
175 silly audit   'stacktrace-gps': [ '3.1.2' ],
175 silly audit   'stacktrace-js': [ '2.0.2' ],
175 silly audit   'stacktrace-parser': [ '0.1.11' ],
175 silly audit   'stop-iteration-iterator': [ '1.1.0' ],
175 silly audit   'stream-buffers': [ '2.2.0' ],
175 silly audit   'strict-uri-encode': [ '2.0.0' ],
175 silly audit   string_decoder: [ '1.3.0' ],
175 silly audit   'string-width': [ '4.2.3' ],
175 silly audit   'string.prototype.matchall': [ '4.0.12' ],
175 silly audit   'string.prototype.repeat': [ '1.0.0' ],
175 silly audit   'string.prototype.trim': [ '1.2.10' ],
175 silly audit   'string.prototype.trimend': [ '1.0.9' ],
175 silly audit   'string.prototype.trimstart': [ '1.0.8' ],
175 silly audit   'strip-final-newline': [ '2.0.0' ],
175 silly audit   'strip-indent': [ '3.0.0' ],
175 silly audit   strnum: [ '1.1.2' ],
175 silly audit   'structured-headers': [ '0.4.1' ],
175 silly audit   styleq: [ '0.1.3' ],
175 silly audit   sucrase: [ '3.35.1' ],
175 silly audit   supercluster: [ '8.0.1' ],
175 silly audit   'supports-hyperlinks': [ '2.3.0' ],
175 silly audit   'supports-preserve-symlinks-flag': [ '1.0.0' ],
175 silly audit   'svg-parser': [ '2.0.4' ],
175 silly audit   svgo: [ '3.3.2' ],
175 silly audit   'symbol-tree': [ '3.2.4' ],
175 silly audit   tailwindcss: [ '3.4.19' ],
175 silly audit   tar: [ '7.5.11' ],
175 silly audit   yallist: [ '5.0.0', '3.1.1' ],
175 silly audit   'temp-dir': [ '2.0.0' ],
175 silly audit   'terminal-link': [ '2.1.1' ],
175 silly audit   terser: [ '5.46.0' ],
175 silly audit   'test-exclude': [ '6.0.0' ],
175 silly audit   thenify: [ '3.3.1' ],
175 silly audit   'thenify-all': [ '1.6.0' ],
175 silly audit   throat: [ '5.0.0' ],
175 silly audit   tinyglobby: [ '0.2.15' ],
175 silly audit   fdir: [ '6.5.0' ],
175 silly audit   tinyqueue: [ '3.0.0' ],
175 silly audit   tmpl: [ '1.0.5' ],
175 silly audit   'to-regex-range': [ '5.0.1' ],
175 silly audit   toidentifier: [ '1.0.1' ],
175 silly audit   'tough-cookie': [ '4.1.4' ],
175 silly audit   'ts-api-utils': [ '2.4.0' ],
175 silly audit   'ts-interface-checker': [ '0.1.13' ],
175 silly audit   'tsconfig-paths': [ '3.15.0' ],
175 silly audit   tslib: [ '2.8.1' ],
175 silly audit   'type-check': [ '0.4.0' ],
175 silly audit   'type-detect': [ '4.0.8' ],
175 silly audit   'type-is': [ '1.6.18' ],
175 silly audit   'typed-array-buffer': [ '1.0.3' ],
175 silly audit   'typed-array-byte-length': [ '1.0.3' ],
175 silly audit   'typed-array-byte-offset': [ '1.0.4' ],
175 silly audit   'typed-array-length': [ '1.0.7' ],
175 silly audit   typescript: [ '5.9.3' ],
175 silly audit   'ua-parser-js': [ '1.0.41' ],
175 silly audit   'unbox-primitive': [ '1.1.0' ],
175 silly audit   undici: [ '6.24.1' ],
175 silly audit   'undici-types': [ '7.16.0' ],
175 silly audit   'unicode-canonical-property-names-ecmascript': [ '2.0.1' ],
175 silly audit   'unicode-match-property-ecmascript': [ '2.0.0' ],
175 silly audit   'unicode-match-property-value-ecmascript': [ '2.2.1' ],
175 silly audit   'unicode-property-aliases-ecmascript': [ '2.2.0' ],
175 silly audit   'unimodules-app-loader': [ '6.0.8' ],
175 silly audit   'unique-string': [ '2.0.0' ],
175 silly audit   unpipe: [ '1.0.0' ],
175 silly audit   'unrs-resolver': [ '1.11.1' ],
175 silly audit   'update-browserslist-db': [ '1.2.3' ],
175 silly audit   'uri-js': [ '4.4.1' ],
175 silly audit   'url-parse': [ '1.5.10' ],
175 silly audit   'use-callback-ref': [ '1.3.3' ],
175 silly audit   'use-latest-callback': [ '0.2.6' ],
175 silly audit   'use-sidecar': [ '1.1.3' ],
175 silly audit   'use-sync-external-store': [ '1.6.0' ],
175 silly audit   util: [ '0.12.5' ],
175 silly audit   'util-deprecate': [ '1.0.2' ],
175 silly audit   'utils-merge': [ '1.0.1' ],
175 silly audit   uuid: [ '7.0.3' ],
175 silly audit   'v8-to-istanbul': [ '9.3.0' ],
175 silly audit   'validate-npm-package-name': [ '5.0.1' ],
175 silly audit   vary: [ '1.1.2' ],
175 silly audit   vaul: [ '1.1.2' ],
175 silly audit   '@radix-ui/react-dialog': [ '1.1.15' ],
175 silly audit   '@radix-ui/react-dismissable-layer': [ '1.1.11' ],
175 silly audit   '@radix-ui/react-focus-scope': [ '1.1.7' ],
175 silly audit   '@radix-ui/react-portal': [ '1.1.9' ],
175 silly audit   vlq: [ '1.0.1' ],
175 silly audit   'void-elements': [ '3.1.0' ],
175 silly audit   'w3c-xmlserializer': [ '4.0.0' ],
175 silly audit   walker: [ '1.0.8' ],
175 silly audit   'warn-once': [ '0.1.1' ],
175 silly audit   wcwidth: [ '1.0.1' ],
175 silly audit   'whatwg-encoding': [ '2.0.0' ],
175 silly audit   'whatwg-fetch': [ '3.6.20' ],
175 silly audit   'whatwg-mimetype': [ '3.0.0' ],
175 silly audit   'whatwg-url-without-unicode': [ '8.0.0-3' ],
175 silly audit   which: [ '2.0.2' ],
175 silly audit   'which-boxed-primitive': [ '1.1.1' ],
175 silly audit   'which-builtin-type': [ '1.2.1' ],
175 silly audit   'which-collection': [ '1.0.2' ],
175 silly audit   'which-module': [ '2.0.1' ],
175 silly audit   'which-typed-array': [ '1.1.20' ],
175 silly audit   wonka: [ '6.3.5' ],
175 silly audit   'word-wrap': [ '1.2.5' ],
175 silly audit   wrappy: [ '1.0.2' ],
175 silly audit   xcode: [ '3.0.1' ],
175 silly audit   'xml-name-validator': [ '4.0.0' ],
175 silly audit   xmlchars: [ '2.2.0' ],
175 silly audit   xmldom: [ '0.5.0' ],
175 silly audit   yaml: [ '2.8.2' ],
175 silly audit   'yocto-queue': [ '0.1.0' ]
175 silly audit }
176 http cache @babel/plugin-transform-runtime@https://registry.npmjs.org/@babel/plugin-transform-runtime/-/plugin-transform-runtime-7.28.5.tgz 1ms (cache hit)
177 http cache type-is@https://registry.npmjs.org/type-is/-/type-is-1.6.18.tgz 0ms (cache hit)
178 http cache @typescript-eslint/visitor-keys@https://registry.npmjs.org/@typescript-eslint/visitor-keys/-/visitor-keys-8.53.1.tgz 0ms (cache hit)
179 http cache unique-string@https://registry.npmjs.org/unique-string/-/unique-string-2.0.0.tgz 0ms (cache hit)
180 http cache util@https://registry.npmjs.org/util/-/util-0.12.5.tgz 0ms (cache hit)
181 http cache temp-dir@https://registry.npmjs.org/temp-dir/-/temp-dir-2.0.0.tgz 0ms (cache hit)
182 http cache react-native-immediate-phone-call@https://registry.npmjs.org/react-native-immediate-phone-call/-/react-native-immediate-phone-call-2.0.0.tgz 0ms (cache hit)
183 http cache object-is@https://registry.npmjs.org/object-is/-/object-is-1.1.6.tgz 0ms (cache hit)
184 http cache is-nan@https://registry.npmjs.org/is-nan/-/is-nan-1.3.2.tgz 0ms (cache hit)
185 http cache xmldom@https://registry.npmjs.org/xmldom/-/xmldom-0.5.0.tgz 0ms (cache hit)
186 http cache global-dirs@https://registry.npmjs.org/global-dirs/-/global-dirs-0.1.1.tgz 0ms (cache hit)
187 http cache expo-notifications@https://registry.npmjs.org/expo-notifications/-/expo-notifications-0.32.16.tgz 0ms (cache hit)
188 http cache expo-application@https://registry.npmjs.org/expo-application/-/expo-application-7.0.8.tgz 0ms (cache hit)
189 http cache crypto-random-string@https://registry.npmjs.org/crypto-random-string/-/crypto-random-string-2.0.0.tgz 0ms (cache hit)
190 http cache core-util-is@https://registry.npmjs.org/core-util-is/-/core-util-is-1.0.3.tgz 0ms (cache hit)
191 http cache badgin@https://registry.npmjs.org/badgin/-/badgin-1.2.3.tgz 0ms (cache hit)
192 http cache at-least-node@https://registry.npmjs.org/at-least-node/-/at-least-node-1.0.0.tgz 0ms (cache hit)
193 http cache assert@https://registry.npmjs.org/assert/-/assert-2.1.0.tgz 0ms (cache hit)
194 http cache @trysound/sax@https://registry.npmjs.org/@trysound/sax/-/sax-0.2.0.tgz 0ms (cache hit)
195 http cache @isaacs/brace-expansion@https://registry.npmjs.org/@isaacs/brace-expansion/-/brace-expansion-5.0.0.tgz 0ms (cache hit)
196 http cache @isaacs/balanced-match@https://registry.npmjs.org/@isaacs/balanced-match/-/balanced-match-4.0.1.tgz 0ms (cache hit)
197 http cache @typescript-eslint/utils@https://registry.npmjs.org/@typescript-eslint/utils/-/utils-8.53.1.tgz 0ms (cache hit)
198 http cache @ide/backoff@https://registry.npmjs.org/@ide/backoff/-/backoff-1.0.0.tgz 0ms (cache hit)
199 http cache @typescript-eslint/typescript-estree@https://registry.npmjs.org/@typescript-eslint/typescript-estree/-/typescript-estree-8.53.1.tgz 0ms (cache hit)
200 http cache @typescript-eslint/tsconfig-utils@https://registry.npmjs.org/@typescript-eslint/tsconfig-utils/-/tsconfig-utils-8.53.1.tgz 0ms (cache hit)
201 http cache @typescript-eslint/type-utils@https://registry.npmjs.org/@typescript-eslint/type-utils/-/type-utils-8.53.1.tgz 0ms (cache hit)
202 http cache @typescript-eslint/types@https://registry.npmjs.org/@typescript-eslint/types/-/types-8.53.1.tgz 0ms (cache hit)
203 http cache @react-native-community/cli-platform-ios@https://registry.npmjs.org/@react-native-community/cli-platform-ios/-/cli-platform-ios-20.1.0.tgz 0ms (cache hit)
204 http cache @typescript-eslint/scope-manager@https://registry.npmjs.org/@typescript-eslint/scope-manager/-/scope-manager-8.53.1.tgz 0ms (cache hit)
205 http cache @typescript-eslint/project-service@https://registry.npmjs.org/@typescript-eslint/project-service/-/project-service-8.53.1.tgz 0ms (cache hit)
206 http cache @typescript-eslint/parser@https://registry.npmjs.org/@typescript-eslint/parser/-/parser-8.53.1.tgz 0ms (cache hit)
207 http cache @typescript-eslint/eslint-plugin@https://registry.npmjs.org/@typescript-eslint/eslint-plugin/-/eslint-plugin-8.53.1.tgz 0ms (cache hit)
208 http cache is-arguments@https://registry.npmjs.org/is-arguments/-/is-arguments-1.2.0.tgz 0ms (cache hit)
209 http cache @types/node@https://registry.npmjs.org/@types/node/-/node-25.0.9.tgz 0ms (cache hit)
210 http cache @supabase/storage-js@https://registry.npmjs.org/@supabase/storage-js/-/storage-js-2.93.3.tgz 0ms (cache hit)
211 http cache @supabase/realtime-js@https://registry.npmjs.org/@supabase/realtime-js/-/realtime-js-2.93.3.tgz 0ms (cache hit)
212 http cache @supabase/functions-js@https://registry.npmjs.org/@supabase/functions-js/-/functions-js-2.93.3.tgz 0ms (cache hit)
213 http cache @supabase/postgrest-js@https://registry.npmjs.org/@supabase/postgrest-js/-/postgrest-js-2.93.3.tgz 0ms (cache hit)
214 http cache @sinclair/typebox@https://registry.npmjs.org/@sinclair/typebox/-/typebox-0.27.8.tgz 0ms (cache hit)
215 http cache @react-native-community/cli-types@https://registry.npmjs.org/@react-native-community/cli-types/-/cli-types-20.1.0.tgz 0ms (cache hit)
216 http cache @react-native-community/cli-tools@https://registry.npmjs.org/@react-native-community/cli-tools/-/cli-tools-20.1.0.tgz 0ms (cache hit)
217 http cache @react-native-community/cli-platform-apple@https://registry.npmjs.org/@react-native-community/cli-platform-apple/-/cli-platform-apple-20.1.0.tgz 0ms (cache hit)
218 http cache @react-native-community/cli-server-api@https://registry.npmjs.org/@react-native-community/cli-server-api/-/cli-server-api-20.1.0.tgz 0ms (cache hit)
219 http cache @react-navigation/bottom-tabs@https://registry.npmjs.org/@react-navigation/bottom-tabs/-/bottom-tabs-7.10.1.tgz 0ms (cache hit)
220 http cache @react-native-community/cli-platform-android@https://registry.npmjs.org/@react-native-community/cli-platform-android/-/cli-platform-android-20.1.0.tgz 0ms (cache hit)
221 http cache @react-native-community/cli-config-apple@https://registry.npmjs.org/@react-native-community/cli-config-apple/-/cli-config-apple-20.1.0.tgz 0ms (cache hit)
222 http cache @react-native-community/cli-config-android@https://registry.npmjs.org/@react-native-community/cli-config-android/-/cli-config-android-20.1.0.tgz 0ms (cache hit)
223 http cache @react-native-community/cli-doctor@https://registry.npmjs.org/@react-native-community/cli-doctor/-/cli-doctor-20.1.0.tgz 0ms (cache hit)
224 http cache @react-native-community/cli-clean@https://registry.npmjs.org/@react-native-community/cli-clean/-/cli-clean-20.1.0.tgz 0ms (cache hit)
225 http cache @react-native-community/cli@https://registry.npmjs.org/@react-native-community/cli/-/cli-20.1.0.tgz 0ms (cache hit)
226 http cache @react-native-community/cli-config@https://registry.npmjs.org/@react-native-community/cli-config/-/cli-config-20.1.0.tgz 0ms (cache hit)
227 http cache @react-native-voice/voice@https://registry.npmjs.org/@react-native-voice/voice/-/voice-3.2.4.tgz 0ms (cache hit)
228 http cache @react-native/codegen@https://registry.npmjs.org/@react-native/codegen/-/codegen-0.81.5.tgz 0ms (cache hit)
229 http cache @react-native/babel-preset@https://registry.npmjs.org/@react-native/babel-preset/-/babel-preset-0.81.5.tgz 0ms (cache hit)
230 http cache @react-native/babel-plugin-codegen@https://registry.npmjs.org/@react-native/babel-plugin-codegen/-/babel-plugin-codegen-0.81.5.tgz 0ms (cache hit)
231 http cache @maplibre/geojson-vt@https://registry.npmjs.org/@maplibre/geojson-vt/-/geojson-vt-6.0.4.tgz 0ms (cache hit)
232 http cache @jest/diff-sequences@https://registry.npmjs.org/@jest/diff-sequences/-/diff-sequences-30.0.1.tgz 0ms (cache hit)
233 http cache @expo/vector-icons@https://registry.npmjs.org/@expo/vector-icons/-/vector-icons-15.0.3.tgz 0ms (cache hit)
234 http cache @expo/require-utils@https://registry.npmjs.org/@expo/require-utils/-/require-utils-55.0.3.tgz 0ms (cache hit)
235 http cache @expo/image-utils@https://registry.npmjs.org/@expo/image-utils/-/image-utils-0.8.8.tgz 0ms (cache hit)
236 http cache resolve-global@https://registry.npmjs.org/resolve-global/-/resolve-global-1.0.0.tgz 0ms (cache hit)
237 http cache @expo/env@https://registry.npmjs.org/@expo/env/-/env-2.0.8.tgz 0ms (cache hit)
238 http cache @eslint/eslintrc@https://registry.npmjs.org/@eslint/eslintrc/-/eslintrc-3.3.3.tgz 0ms (cache hit)
239 http cache @eslint/js@https://registry.npmjs.org/@eslint/js/-/js-9.39.2.tgz 0ms (cache hit)
240 http cache @supabase/auth-js@https://registry.npmjs.org/@supabase/auth-js/-/auth-js-2.93.3.tgz 0ms (cache hit)
241 http cache @eslint/config-array@https://registry.npmjs.org/@eslint/config-array/-/config-array-0.21.1.tgz 0ms (cache hit)
242 http cache @babel/types@https://registry.npmjs.org/@babel/types/-/types-7.28.6.tgz 0ms (cache hit)
243 http cache @babel/traverse@https://registry.npmjs.org/@babel/traverse/-/traverse-7.28.6.tgz 0ms (cache hit)
244 http cache @babel/traverse--for-generate-function-map@https://registry.npmjs.org/@babel/traverse/-/traverse-7.28.6.tgz 0ms (cache hit)
245 http cache @babel/preset-env@https://registry.npmjs.org/@babel/preset-env/-/preset-env-7.28.6.tgz 0ms (cache hit)
246 http cache @supabase/supabase-js@https://registry.npmjs.org/@supabase/supabase-js/-/supabase-js-2.93.3.tgz 0ms (cache hit)
247 http cache @babel/plugin-transform-named-capturing-groups-regex@https://registry.npmjs.org/@babel/plugin-transform-named-capturing-groups-regex/-/plugin-transform-named-capturing-groups-regex-7.27.1.tgz 0ms (cache hit)
248 http cache @babel/plugin-transform-duplicate-named-capturing-groups-regex@https://registry.npmjs.org/@babel/plugin-transform-duplicate-named-capturing-groups-regex/-/plugin-transform-duplicate-named-capturing-groups-regex-7.28.6.tgz 0ms (cache hit)
249 http cache @babel/plugin-transform-async-generator-functions@https://registry.npmjs.org/@babel/plugin-transform-async-generator-functions/-/plugin-transform-async-generator-functions-7.28.6.tgz 0ms (cache hit)
250 http cache @babel/plugin-proposal-decorators@https://registry.npmjs.org/@babel/plugin-proposal-decorators/-/plugin-proposal-decorators-7.28.6.tgz 0ms (cache hit)
251 http cache @babel/parser@https://registry.npmjs.org/@babel/parser/-/parser-7.28.6.tgz 1ms (cache hit)
252 http cache @babel/plugin-transform-regenerator@https://registry.npmjs.org/@babel/plugin-transform-regenerator/-/plugin-transform-regenerator-7.28.6.tgz 0ms (cache hit)
253 http cache @babel/generator@https://registry.npmjs.org/@babel/generator/-/generator-7.28.6.tgz 0ms (cache hit)
254 http cache @babel/compat-data@https://registry.npmjs.org/@babel/compat-data/-/compat-data-7.28.6.tgz 0ms (cache hit)
255 http cache @babel/core@https://registry.npmjs.org/@babel/core/-/core-7.28.6.tgz 0ms (cache hit)
256 http cache @babel/code-frame@https://registry.npmjs.org/@babel/code-frame/-/code-frame-7.28.6.tgz 0ms (cache hit)
257 http cache undici-types@https://registry.npmjs.org/undici-types/-/undici-types-7.16.0.tgz 0ms (cache hit)
258 silly tarball no local data for @babel/plugin-transform-runtime@https://registry.npmjs.org/@babel/plugin-transform-runtime/-/plugin-transform-runtime-7.28.5.tgz. Extracting by manifest.
259 http cache @babel/plugin-transform-modules-systemjs@https://registry.npmjs.org/@babel/plugin-transform-modules-systemjs/-/plugin-transform-modules-systemjs-7.28.5.tgz 0ms (cache hit)
260 silly tarball no local data for type-is@https://registry.npmjs.org/type-is/-/type-is-1.6.18.tgz. Extracting by manifest.
261 http cache svgo@https://registry.npmjs.org/svgo/-/svgo-3.3.2.tgz 1ms (cache hit)
262 http cache strnum@https://registry.npmjs.org/strnum/-/strnum-1.1.2.tgz 0ms (cache hit)
263 http cache sax@https://registry.npmjs.org/sax/-/sax-1.4.4.tgz 0ms (cache hit)
264 http cache react-native-is-edge-to-edge@https://registry.npmjs.org/react-native-is-edge-to-edge/-/react-native-is-edge-to-edge-1.2.1.tgz 0ms (cache hit)
265 http cache raw-body@https://registry.npmjs.org/raw-body/-/raw-body-2.5.3.tgz 0ms (cache hit)
266 http cache react-native-css-interop@https://registry.npmjs.org/react-native-css-interop/-/react-native-css-interop-0.2.1.tgz 0ms (cache hit)
267 http cache react-is@https://registry.npmjs.org/react-is/-/react-is-19.2.3.tgz 0ms (cache hit)
268 http cache qs@https://registry.npmjs.org/qs/-/qs-6.14.1.tgz 0ms (cache hit)
269 http cache path-scurry@https://registry.npmjs.org/path-scurry/-/path-scurry-2.0.1.tgz 0ms (cache hit)
270 http cache node-releases@https://registry.npmjs.org/node-releases/-/node-releases-2.0.27.tgz 0ms (cache hit)
271 http cache nativewind@https://registry.npmjs.org/nativewind/-/nativewind-4.2.1.tgz 0ms (cache hit)
272 http cache minipass@https://registry.npmjs.org/minipass/-/minipass-7.1.2.tgz 0ms (cache hit)
273 http cache minimatch@https://registry.npmjs.org/minimatch/-/minimatch-3.1.2.tgz 0ms (cache hit)
274 http cache media-typer@https://registry.npmjs.org/media-typer/-/media-typer-0.3.0.tgz 0ms (cache hit)
275 http cache maplibre-gl@https://registry.npmjs.org/maplibre-gl/-/maplibre-gl-5.20.2.tgz 0ms (cache hit)
276 http cache lodash@https://registry.npmjs.org/lodash/-/lodash-4.17.21.tgz 0ms (cache hit)
277 http cache launch-editor@https://registry.npmjs.org/launch-editor/-/launch-editor-2.12.0.tgz 0ms (cache hit)
278 http cache jest-expo@https://registry.npmjs.org/jest-expo/-/jest-expo-55.0.11.tgz 0ms (cache hit)
279 http cache iconv-lite@https://registry.npmjs.org/iconv-lite/-/iconv-lite-0.4.24.tgz 0ms (cache hit)
280 http cache i18next@https://registry.npmjs.org/i18next/-/i18next-25.8.19.tgz 0ms (cache hit)
281 http cache hermes-estree@https://registry.npmjs.org/hermes-estree/-/hermes-estree-0.29.1.tgz 0ms (cache hit)
282 http cache hermes-parser@https://registry.npmjs.org/hermes-parser/-/hermes-parser-0.29.1.tgz 0ms (cache hit)
283 http cache glob@https://registry.npmjs.org/glob/-/glob-13.0.0.tgz 0ms (cache hit)
284 http cache get-tsconfig@https://registry.npmjs.org/get-tsconfig/-/get-tsconfig-4.13.0.tgz 0ms (cache hit)
285 http cache flatted@https://registry.npmjs.org/flatted/-/flatted-3.3.3.tgz 0ms (cache hit)
286 http cache fast-xml-parser@https://registry.npmjs.org/fast-xml-parser/-/fast-xml-parser-4.5.3.tgz 0ms (cache hit)
287 http cache expo-speech-recognition@https://registry.npmjs.org/expo-speech-recognition/-/expo-speech-recognition-3.1.0.tgz 0ms (cache hit)
288 http cache eslint@https://registry.npmjs.org/eslint/-/eslint-9.39.2.tgz 0ms (cache hit)
289 http cache es-iterator-helpers@https://registry.npmjs.org/es-iterator-helpers/-/es-iterator-helpers-1.2.2.tgz 0ms (cache hit)
290 http cache electron-to-chromium@https://registry.npmjs.org/electron-to-chromium/-/electron-to-chromium-1.5.267.tgz 0ms (cache hit)
291 http cache dayjs@https://registry.npmjs.org/dayjs/-/dayjs-1.11.19.tgz 0ms (cache hit)
292 http cache cosmiconfig@https://registry.npmjs.org/cosmiconfig/-/cosmiconfig-9.0.0.tgz 0ms (cache hit)
293 http cache core-js-compat@https://registry.npmjs.org/core-js-compat/-/core-js-compat-3.47.0.tgz 0ms (cache hit)
294 http cache comment-json@https://registry.npmjs.org/comment-json/-/comment-json-4.5.1.tgz 0ms (cache hit)
295 http cache caniuse-lite@https://registry.npmjs.org/caniuse-lite/-/caniuse-lite-1.0.30001765.tgz 0ms (cache hit)
296 http cache @maplibre/mlt@https://registry.npmjs.org/@maplibre/mlt/-/mlt-1.1.8.tgz 0ms (cache hit)
297 http cache body-parser@https://registry.npmjs.org/body-parser/-/body-parser-1.20.4.tgz 0ms (cache hit)
298 http cache baseline-browser-mapping@https://registry.npmjs.org/baseline-browser-mapping/-/baseline-browser-mapping-2.9.16.tgz 0ms (cache hit)
299 http cache babel-plugin-syntax-hermes-parser@https://registry.npmjs.org/babel-plugin-syntax-hermes-parser/-/babel-plugin-syntax-hermes-parser-0.29.1.tgz 0ms (cache hit)
300 http cache babel-plugin-polyfill-regenerator@https://registry.npmjs.org/babel-plugin-polyfill-regenerator/-/babel-plugin-polyfill-regenerator-0.6.5.tgz 0ms (cache hit)
301 http cache babel-plugin-polyfill-corejs3@https://registry.npmjs.org/babel-plugin-polyfill-corejs3/-/babel-plugin-polyfill-corejs3-0.13.0.tgz 0ms (cache hit)
302 http cache babel-plugin-polyfill-corejs2@https://registry.npmjs.org/babel-plugin-polyfill-corejs2/-/babel-plugin-polyfill-corejs2-0.4.14.tgz 0ms (cache hit)
303 http cache ajv@https://registry.npmjs.org/ajv/-/ajv-6.12.6.tgz 0ms (cache hit)
304 http cache acorn@https://registry.npmjs.org/acorn/-/acorn-8.15.0.tgz 0ms (cache hit)
305 http cache brace-expansion@https://registry.npmjs.org/brace-expansion/-/brace-expansion-2.0.2.tgz 0ms (cache hit)
306 http cache minimatch@https://registry.npmjs.org/minimatch/-/minimatch-9.0.5.tgz 0ms (cache hit)
307 http cache semver@https://registry.npmjs.org/semver/-/semver-7.7.3.tgz 0ms (cache hit)
308 http cache jest-diff@https://registry.npmjs.org/jest-diff/-/jest-diff-30.2.0.tgz 0ms (cache hit)
309 http cache jest-matcher-utils@https://registry.npmjs.org/jest-matcher-utils/-/jest-matcher-utils-30.2.0.tgz 0ms (cache hit)
310 http cache pretty-format@https://registry.npmjs.org/pretty-format/-/pretty-format-30.2.0.tgz 0ms (cache hit)
311 http cache semver@https://registry.npmjs.org/semver/-/semver-7.7.3.tgz 0ms (cache hit)
312 http cache @babel/helper-define-polyfill-provider@https://registry.npmjs.org/@babel/helper-define-polyfill-provider/-/helper-define-polyfill-provider-0.6.5.tgz 0ms (cache hit)
313 silly tarball no local data for @typescript-eslint/visitor-keys@https://registry.npmjs.org/@typescript-eslint/visitor-keys/-/visitor-keys-8.53.1.tgz. Extracting by manifest.
314 http cache semver@https://registry.npmjs.org/semver/-/semver-7.7.3.tgz 0ms (cache hit)
315 http cache semver@https://registry.npmjs.org/semver/-/semver-7.7.3.tgz 0ms (cache hit)
316 http cache xmlbuilder@https://registry.npmjs.org/xmlbuilder/-/xmlbuilder-14.0.0.tgz 0ms (cache hit)
317 http cache xml2js@https://registry.npmjs.org/xml2js/-/xml2js-0.4.23.tgz 0ms (cache hit)
318 http cache write-file-atomic@https://registry.npmjs.org/write-file-atomic/-/write-file-atomic-2.4.3.tgz 0ms (cache hit)
319 http cache universalify@https://registry.npmjs.org/universalify/-/universalify-1.0.0.tgz 0ms (cache hit)
320 http cache jsonfile@https://registry.npmjs.org/jsonfile/-/jsonfile-6.2.0.tgz 0ms (cache hit)
321 http cache xmlbuilder@https://registry.npmjs.org/xmlbuilder/-/xmlbuilder-11.0.1.tgz 0ms (cache hit)
322 http cache universalify@https://registry.npmjs.org/universalify/-/universalify-2.0.1.tgz 0ms (cache hit)
323 http cache json5@https://registry.npmjs.org/json5/-/json5-1.0.2.tgz 0ms (cache hit)
324 http cache glob@https://registry.npmjs.org/glob/-/glob-7.1.6.tgz 0ms (cache hit)
325 http cache getenv@https://registry.npmjs.org/getenv/-/getenv-1.0.0.tgz 0ms (cache hit)
326 http cache fs-extra@https://registry.npmjs.org/fs-extra/-/fs-extra-9.0.0.tgz 0ms (cache hit)
327 http cache @expo/plist@https://registry.npmjs.org/@expo/plist/-/plist-0.0.13.tgz 0ms (cache hit)
328 http cache @expo/json-file@https://registry.npmjs.org/@expo/json-file/-/json-file-8.2.30.tgz 0ms (cache hit)
329 http cache @expo/config-plugins@https://registry.npmjs.org/@expo/config-plugins/-/config-plugins-2.0.4.tgz 0ms (cache hit)
330 http cache @expo/config-types@https://registry.npmjs.org/@expo/config-types/-/config-types-41.0.0.tgz 0ms (cache hit)
331 http cache @babel/code-frame@https://registry.npmjs.org/@babel/code-frame/-/code-frame-7.10.4.tgz 0ms (cache hit)
332 http cache glob@https://registry.npmjs.org/glob/-/glob-7.2.3.tgz 0ms (cache hit)
333 http cache semver@https://registry.npmjs.org/semver/-/semver-7.7.3.tgz 0ms (cache hit)
334 http cache semver@https://registry.npmjs.org/semver/-/semver-7.7.3.tgz 0ms (cache hit)
335 http cache minimatch@https://registry.npmjs.org/minimatch/-/minimatch-9.0.5.tgz 0ms (cache hit)
336 http cache semver@https://registry.npmjs.org/semver/-/semver-7.7.3.tgz 0ms (cache hit)
337 http cache semver@https://registry.npmjs.org/semver/-/semver-7.7.3.tgz 0ms (cache hit)
338 http cache semver@https://registry.npmjs.org/semver/-/semver-7.7.3.tgz 0ms (cache hit)
339 http cache semver@https://registry.npmjs.org/semver/-/semver-7.7.3.tgz 1ms (cache hit)
340 http cache semver@https://registry.npmjs.org/semver/-/semver-7.7.3.tgz 0ms (cache hit)
341 http cache lru-cache@https://registry.npmjs.org/lru-cache/-/lru-cache-11.2.4.tgz 0ms (cache hit)
342 http cache semver@https://registry.npmjs.org/semver/-/semver-7.7.3.tgz 3ms (cache hit)
343 http cache hermes-estree@https://registry.npmjs.org/hermes-estree/-/hermes-estree-0.32.0.tgz 0ms (cache hit)
344 http cache hermes-parser@https://registry.npmjs.org/hermes-parser/-/hermes-parser-0.32.0.tgz 0ms (cache hit)
345 http cache hermes-estree@https://registry.npmjs.org/hermes-estree/-/hermes-estree-0.32.0.tgz 0ms (cache hit)
346 http cache @expo/config@https://registry.npmjs.org/@expo/config/-/config-55.0.10.tgz 1ms (cache hit)
347 http cache @expo/config-plugins@https://registry.npmjs.org/@expo/config-plugins/-/config-plugins-55.0.7.tgz 0ms (cache hit)
348 http cache semver@https://registry.npmjs.org/semver/-/semver-7.7.3.tgz 0ms (cache hit)
349 http cache minimatch@https://registry.npmjs.org/minimatch/-/minimatch-10.1.1.tgz 0ms (cache hit)
350 http cache resolve@https://registry.npmjs.org/resolve/-/resolve-2.0.0-next.5.tgz 0ms (cache hit)
351 http cache ms@https://registry.npmjs.org/ms/-/ms-2.0.0.tgz 0ms (cache hit)
352 http cache debug@https://registry.npmjs.org/debug/-/debug-2.6.9.tgz 0ms (cache hit)
353 http cache path-scurry@https://registry.npmjs.org/path-scurry/-/path-scurry-1.11.1.tgz 0ms (cache hit)
354 http cache minipass@https://registry.npmjs.org/minipass/-/minipass-7.1.2.tgz 0ms (cache hit)
355 http cache minipass@https://registry.npmjs.org/minipass/-/minipass-4.2.8.tgz 0ms (cache hit)
356 http cache minimatch@https://registry.npmjs.org/minimatch/-/minimatch-8.0.4.tgz 0ms (cache hit)
357 http cache undici@https://registry.npmjs.org/undici/-/undici-6.24.1.tgz 0ms (cache hit)
358 http cache lru-cache@https://registry.npmjs.org/lru-cache/-/lru-cache-10.4.3.tgz 0ms (cache hit)
359 http cache brace-expansion@https://registry.npmjs.org/brace-expansion/-/brace-expansion-2.0.2.tgz 0ms (cache hit)
360 silly tarball no local data for unique-string@https://registry.npmjs.org/unique-string/-/unique-string-2.0.0.tgz. Extracting by manifest.
361 silly tarball no local data for util@https://registry.npmjs.org/util/-/util-0.12.5.tgz. Extracting by manifest.
362 silly tarball no local data for temp-dir@https://registry.npmjs.org/temp-dir/-/temp-dir-2.0.0.tgz. Extracting by manifest.
363 http cache glob@https://registry.npmjs.org/glob/-/glob-9.3.5.tgz 0ms (cache hit)
364 silly tarball no local data for react-native-immediate-phone-call@https://registry.npmjs.org/react-native-immediate-phone-call/-/react-native-immediate-phone-call-2.0.0.tgz. Extracting by manifest.
365 silly tarball no local data for object-is@https://registry.npmjs.org/object-is/-/object-is-1.1.6.tgz. Extracting by manifest.
366 silly tarball no local data for is-nan@https://registry.npmjs.org/is-nan/-/is-nan-1.3.2.tgz. Extracting by manifest.
367 http cache hermes-parser@https://registry.npmjs.org/hermes-parser/-/hermes-parser-0.32.0.tgz 0ms (cache hit)
368 silly tarball no local data for xmldom@https://registry.npmjs.org/xmldom/-/xmldom-0.5.0.tgz. Extracting by manifest.
369 silly tarball no local data for global-dirs@https://registry.npmjs.org/global-dirs/-/global-dirs-0.1.1.tgz. Extracting by manifest.
370 silly tarball no local data for expo-notifications@https://registry.npmjs.org/expo-notifications/-/expo-notifications-0.32.16.tgz. Extracting by manifest.
371 silly tarball no local data for expo-application@https://registry.npmjs.org/expo-application/-/expo-application-7.0.8.tgz. Extracting by manifest.
372 silly tarball no local data for crypto-random-string@https://registry.npmjs.org/crypto-random-string/-/crypto-random-string-2.0.0.tgz. Extracting by manifest.
373 silly tarball no local data for core-util-is@https://registry.npmjs.org/core-util-is/-/core-util-is-1.0.3.tgz. Extracting by manifest.
374 silly tarball no local data for badgin@https://registry.npmjs.org/badgin/-/badgin-1.2.3.tgz. Extracting by manifest.
375 silly tarball no local data for at-least-node@https://registry.npmjs.org/at-least-node/-/at-least-node-1.0.0.tgz. Extracting by manifest.
376 silly tarball no local data for assert@https://registry.npmjs.org/assert/-/assert-2.1.0.tgz. Extracting by manifest.
377 silly tarball no local data for @trysound/sax@https://registry.npmjs.org/@trysound/sax/-/sax-0.2.0.tgz. Extracting by manifest.
378 silly tarball no local data for @isaacs/brace-expansion@https://registry.npmjs.org/@isaacs/brace-expansion/-/brace-expansion-5.0.0.tgz. Extracting by manifest.
379 silly tarball no local data for @isaacs/balanced-match@https://registry.npmjs.org/@isaacs/balanced-match/-/balanced-match-4.0.1.tgz. Extracting by manifest.
380 silly tarball no local data for @typescript-eslint/utils@https://registry.npmjs.org/@typescript-eslint/utils/-/utils-8.53.1.tgz. Extracting by manifest.
381 silly tarball no local data for @ide/backoff@https://registry.npmjs.org/@ide/backoff/-/backoff-1.0.0.tgz. Extracting by manifest.
382 silly tarball no local data for @typescript-eslint/typescript-estree@https://registry.npmjs.org/@typescript-eslint/typescript-estree/-/typescript-estree-8.53.1.tgz. Extracting by manifest.
383 silly tarball no local data for @typescript-eslint/tsconfig-utils@https://registry.npmjs.org/@typescript-eslint/tsconfig-utils/-/tsconfig-utils-8.53.1.tgz. Extracting by manifest.
384 silly tarball no local data for @typescript-eslint/type-utils@https://registry.npmjs.org/@typescript-eslint/type-utils/-/type-utils-8.53.1.tgz. Extracting by manifest.
385 silly tarball no local data for @typescript-eslint/types@https://registry.npmjs.org/@typescript-eslint/types/-/types-8.53.1.tgz. Extracting by manifest.
386 silly tarball no local data for @react-native-community/cli-platform-ios@https://registry.npmjs.org/@react-native-community/cli-platform-ios/-/cli-platform-ios-20.1.0.tgz. Extracting by manifest.
387 silly tarball no local data for @typescript-eslint/scope-manager@https://registry.npmjs.org/@typescript-eslint/scope-manager/-/scope-manager-8.53.1.tgz. Extracting by manifest.
388 silly tarball no local data for @typescript-eslint/project-service@https://registry.npmjs.org/@typescript-eslint/project-service/-/project-service-8.53.1.tgz. Extracting by manifest.
389 silly tarball no local data for @typescript-eslint/parser@https://registry.npmjs.org/@typescript-eslint/parser/-/parser-8.53.1.tgz. Extracting by manifest.
390 silly tarball no local data for @typescript-eslint/eslint-plugin@https://registry.npmjs.org/@typescript-eslint/eslint-plugin/-/eslint-plugin-8.53.1.tgz. Extracting by manifest.
391 silly tarball no local data for is-arguments@https://registry.npmjs.org/is-arguments/-/is-arguments-1.2.0.tgz. Extracting by manifest.
392 silly tarball no local data for @types/node@https://registry.npmjs.org/@types/node/-/node-25.0.9.tgz. Extracting by manifest.
393 silly tarball no local data for @supabase/storage-js@https://registry.npmjs.org/@supabase/storage-js/-/storage-js-2.93.3.tgz. Extracting by manifest.
394 silly tarball no local data for @supabase/realtime-js@https://registry.npmjs.org/@supabase/realtime-js/-/realtime-js-2.93.3.tgz. Extracting by manifest.
395 silly tarball no local data for @supabase/functions-js@https://registry.npmjs.org/@supabase/functions-js/-/functions-js-2.93.3.tgz. Extracting by manifest.
396 silly tarball no local data for @supabase/postgrest-js@https://registry.npmjs.org/@supabase/postgrest-js/-/postgrest-js-2.93.3.tgz. Extracting by manifest.
397 silly tarball no local data for @sinclair/typebox@https://registry.npmjs.org/@sinclair/typebox/-/typebox-0.27.8.tgz. Extracting by manifest.
398 silly tarball no local data for @react-native-community/cli-types@https://registry.npmjs.org/@react-native-community/cli-types/-/cli-types-20.1.0.tgz. Extracting by manifest.
399 silly tarball no local data for @react-native-community/cli-tools@https://registry.npmjs.org/@react-native-community/cli-tools/-/cli-tools-20.1.0.tgz. Extracting by manifest.
400 silly tarball no local data for @react-native-community/cli-platform-apple@https://registry.npmjs.org/@react-native-community/cli-platform-apple/-/cli-platform-apple-20.1.0.tgz. Extracting by manifest.
401 silly tarball no local data for @react-native-community/cli-server-api@https://registry.npmjs.org/@react-native-community/cli-server-api/-/cli-server-api-20.1.0.tgz. Extracting by manifest.
402 silly tarball no local data for @react-navigation/bottom-tabs@https://registry.npmjs.org/@react-navigation/bottom-tabs/-/bottom-tabs-7.10.1.tgz. Extracting by manifest.
403 silly tarball no local data for @react-native-community/cli-platform-android@https://registry.npmjs.org/@react-native-community/cli-platform-android/-/cli-platform-android-20.1.0.tgz. Extracting by manifest.
404 silly tarball no local data for @react-native-community/cli-config-apple@https://registry.npmjs.org/@react-native-community/cli-config-apple/-/cli-config-apple-20.1.0.tgz. Extracting by manifest.
405 silly tarball no local data for @react-native-community/cli-config-android@https://registry.npmjs.org/@react-native-community/cli-config-android/-/cli-config-android-20.1.0.tgz. Extracting by manifest.
406 silly tarball no local data for @react-native-community/cli-doctor@https://registry.npmjs.org/@react-native-community/cli-doctor/-/cli-doctor-20.1.0.tgz. Extracting by manifest.
407 silly tarball no local data for @react-native-community/cli-clean@https://registry.npmjs.org/@react-native-community/cli-clean/-/cli-clean-20.1.0.tgz. Extracting by manifest.
408 silly tarball no local data for @react-native-community/cli@https://registry.npmjs.org/@react-native-community/cli/-/cli-20.1.0.tgz. Extracting by manifest.
409 silly tarball no local data for @react-native-community/cli-config@https://registry.npmjs.org/@react-native-community/cli-config/-/cli-config-20.1.0.tgz. Extracting by manifest.
410 silly tarball no local data for @react-native-voice/voice@https://registry.npmjs.org/@react-native-voice/voice/-/voice-3.2.4.tgz. Extracting by manifest.
411 silly tarball no local data for @react-native/codegen@https://registry.npmjs.org/@react-native/codegen/-/codegen-0.81.5.tgz. Extracting by manifest.
412 silly tarball no local data for @react-native/babel-preset@https://registry.npmjs.org/@react-native/babel-preset/-/babel-preset-0.81.5.tgz. Extracting by manifest.
413 silly tarball no local data for @react-native/babel-plugin-codegen@https://registry.npmjs.org/@react-native/babel-plugin-codegen/-/babel-plugin-codegen-0.81.5.tgz. Extracting by manifest.
414 silly tarball no local data for @maplibre/geojson-vt@https://registry.npmjs.org/@maplibre/geojson-vt/-/geojson-vt-6.0.4.tgz. Extracting by manifest.
415 silly tarball no local data for @jest/diff-sequences@https://registry.npmjs.org/@jest/diff-sequences/-/diff-sequences-30.0.1.tgz. Extracting by manifest.
416 silly tarball no local data for @expo/vector-icons@https://registry.npmjs.org/@expo/vector-icons/-/vector-icons-15.0.3.tgz. Extracting by manifest.
417 silly tarball no local data for @expo/require-utils@https://registry.npmjs.org/@expo/require-utils/-/require-utils-55.0.3.tgz. Extracting by manifest.
418 silly tarball no local data for @expo/image-utils@https://registry.npmjs.org/@expo/image-utils/-/image-utils-0.8.8.tgz. Extracting by manifest.
419 silly tarball no local data for resolve-global@https://registry.npmjs.org/resolve-global/-/resolve-global-1.0.0.tgz. Extracting by manifest.
420 silly tarball no local data for @expo/env@https://registry.npmjs.org/@expo/env/-/env-2.0.8.tgz. Extracting by manifest.
421 silly tarball no local data for @eslint/eslintrc@https://registry.npmjs.org/@eslint/eslintrc/-/eslintrc-3.3.3.tgz. Extracting by manifest.
422 silly tarball no local data for @eslint/js@https://registry.npmjs.org/@eslint/js/-/js-9.39.2.tgz. Extracting by manifest.
423 silly tarball no local data for @supabase/auth-js@https://registry.npmjs.org/@supabase/auth-js/-/auth-js-2.93.3.tgz. Extracting by manifest.
424 silly tarball no local data for @eslint/config-array@https://registry.npmjs.org/@eslint/config-array/-/config-array-0.21.1.tgz. Extracting by manifest.
425 silly tarball no local data for @babel/types@https://registry.npmjs.org/@babel/types/-/types-7.28.6.tgz. Extracting by manifest.
426 silly tarball no local data for @babel/traverse@https://registry.npmjs.org/@babel/traverse/-/traverse-7.28.6.tgz. Extracting by manifest.
427 silly tarball no local data for @babel/traverse--for-generate-function-map@https://registry.npmjs.org/@babel/traverse/-/traverse-7.28.6.tgz. Extracting by manifest.
428 silly tarball no local data for @babel/preset-env@https://registry.npmjs.org/@babel/preset-env/-/preset-env-7.28.6.tgz. Extracting by manifest.
429 silly tarball no local data for @supabase/supabase-js@https://registry.npmjs.org/@supabase/supabase-js/-/supabase-js-2.93.3.tgz. Extracting by manifest.
430 silly tarball no local data for @babel/plugin-transform-named-capturing-groups-regex@https://registry.npmjs.org/@babel/plugin-transform-named-capturing-groups-regex/-/plugin-transform-named-capturing-groups-regex-7.27.1.tgz. Extracting by manifest.
431 silly tarball no local data for @babel/plugin-transform-duplicate-named-capturing-groups-regex@https://registry.npmjs.org/@babel/plugin-transform-duplicate-named-capturing-groups-regex/-/plugin-transform-duplicate-named-capturing-groups-regex-7.28.6.tgz. Extracting by manifest.
432 silly tarball no local data for @babel/plugin-transform-async-generator-functions@https://registry.npmjs.org/@babel/plugin-transform-async-generator-functions/-/plugin-transform-async-generator-functions-7.28.6.tgz. Extracting by manifest.
433 silly tarball no local data for @babel/plugin-proposal-decorators@https://registry.npmjs.org/@babel/plugin-proposal-decorators/-/plugin-proposal-decorators-7.28.6.tgz. Extracting by manifest.
434 silly tarball no local data for @babel/parser@https://registry.npmjs.org/@babel/parser/-/parser-7.28.6.tgz. Extracting by manifest.
435 silly tarball no local data for @babel/plugin-transform-regenerator@https://registry.npmjs.org/@babel/plugin-transform-regenerator/-/plugin-transform-regenerator-7.28.6.tgz. Extracting by manifest.
436 silly tarball no local data for @babel/generator@https://registry.npmjs.org/@babel/generator/-/generator-7.28.6.tgz. Extracting by manifest.
437 silly tarball no local data for @babel/compat-data@https://registry.npmjs.org/@babel/compat-data/-/compat-data-7.28.6.tgz. Extracting by manifest.
438 silly tarball no local data for @babel/core@https://registry.npmjs.org/@babel/core/-/core-7.28.6.tgz. Extracting by manifest.
439 silly tarball no local data for @babel/code-frame@https://registry.npmjs.org/@babel/code-frame/-/code-frame-7.28.6.tgz. Extracting by manifest.
440 silly tarball no local data for undici-types@https://registry.npmjs.org/undici-types/-/undici-types-7.16.0.tgz. Extracting by manifest.
441 silly tarball no local data for @babel/plugin-transform-modules-systemjs@https://registry.npmjs.org/@babel/plugin-transform-modules-systemjs/-/plugin-transform-modules-systemjs-7.28.5.tgz. Extracting by manifest.
442 silly tarball no local data for svgo@https://registry.npmjs.org/svgo/-/svgo-3.3.2.tgz. Extracting by manifest.
443 silly tarball no local data for strnum@https://registry.npmjs.org/strnum/-/strnum-1.1.2.tgz. Extracting by manifest.
444 silly tarball no local data for sax@https://registry.npmjs.org/sax/-/sax-1.4.4.tgz. Extracting by manifest.
445 silly tarball no local data for react-native-is-edge-to-edge@https://registry.npmjs.org/react-native-is-edge-to-edge/-/react-native-is-edge-to-edge-1.2.1.tgz. Extracting by manifest.
446 silly tarball no local data for raw-body@https://registry.npmjs.org/raw-body/-/raw-body-2.5.3.tgz. Extracting by manifest.
447 silly tarball no local data for react-native-css-interop@https://registry.npmjs.org/react-native-css-interop/-/react-native-css-interop-0.2.1.tgz. Extracting by manifest.
448 silly tarball no local data for react-is@https://registry.npmjs.org/react-is/-/react-is-19.2.3.tgz. Extracting by manifest.
449 silly tarball no local data for qs@https://registry.npmjs.org/qs/-/qs-6.14.1.tgz. Extracting by manifest.
450 silly tarball no local data for path-scurry@https://registry.npmjs.org/path-scurry/-/path-scurry-2.0.1.tgz. Extracting by manifest.
451 silly tarball no local data for node-releases@https://registry.npmjs.org/node-releases/-/node-releases-2.0.27.tgz. Extracting by manifest.
452 silly tarball no local data for nativewind@https://registry.npmjs.org/nativewind/-/nativewind-4.2.1.tgz. Extracting by manifest.
453 silly tarball no local data for minipass@https://registry.npmjs.org/minipass/-/minipass-7.1.2.tgz. Extracting by manifest.
454 silly tarball no local data for minimatch@https://registry.npmjs.org/minimatch/-/minimatch-3.1.2.tgz. Extracting by manifest.
455 silly tarball no local data for media-typer@https://registry.npmjs.org/media-typer/-/media-typer-0.3.0.tgz. Extracting by manifest.
456 silly tarball no local data for maplibre-gl@https://registry.npmjs.org/maplibre-gl/-/maplibre-gl-5.20.2.tgz. Extracting by manifest.
457 silly tarball no local data for lodash@https://registry.npmjs.org/lodash/-/lodash-4.17.21.tgz. Extracting by manifest.
458 silly tarball no local data for launch-editor@https://registry.npmjs.org/launch-editor/-/launch-editor-2.12.0.tgz. Extracting by manifest.
459 silly tarball no local data for jest-expo@https://registry.npmjs.org/jest-expo/-/jest-expo-55.0.11.tgz. Extracting by manifest.
460 silly tarball no local data for iconv-lite@https://registry.npmjs.org/iconv-lite/-/iconv-lite-0.4.24.tgz. Extracting by manifest.
461 silly tarball no local data for i18next@https://registry.npmjs.org/i18next/-/i18next-25.8.19.tgz. Extracting by manifest.
462 silly tarball no local data for hermes-estree@https://registry.npmjs.org/hermes-estree/-/hermes-estree-0.29.1.tgz. Extracting by manifest.
463 silly tarball no local data for hermes-parser@https://registry.npmjs.org/hermes-parser/-/hermes-parser-0.29.1.tgz. Extracting by manifest.
464 silly tarball no local data for glob@https://registry.npmjs.org/glob/-/glob-13.0.0.tgz. Extracting by manifest.
465 silly tarball no local data for get-tsconfig@https://registry.npmjs.org/get-tsconfig/-/get-tsconfig-4.13.0.tgz. Extracting by manifest.
466 silly tarball no local data for flatted@https://registry.npmjs.org/flatted/-/flatted-3.3.3.tgz. Extracting by manifest.
467 silly tarball no local data for fast-xml-parser@https://registry.npmjs.org/fast-xml-parser/-/fast-xml-parser-4.5.3.tgz. Extracting by manifest.
468 silly tarball no local data for expo-speech-recognition@https://registry.npmjs.org/expo-speech-recognition/-/expo-speech-recognition-3.1.0.tgz. Extracting by manifest.
469 silly tarball no local data for eslint@https://registry.npmjs.org/eslint/-/eslint-9.39.2.tgz. Extracting by manifest.
470 silly tarball no local data for es-iterator-helpers@https://registry.npmjs.org/es-iterator-helpers/-/es-iterator-helpers-1.2.2.tgz. Extracting by manifest.
471 silly tarball no local data for electron-to-chromium@https://registry.npmjs.org/electron-to-chromium/-/electron-to-chromium-1.5.267.tgz. Extracting by manifest.
472 silly tarball no local data for dayjs@https://registry.npmjs.org/dayjs/-/dayjs-1.11.19.tgz. Extracting by manifest.
473 silly tarball no local data for cosmiconfig@https://registry.npmjs.org/cosmiconfig/-/cosmiconfig-9.0.0.tgz. Extracting by manifest.
474 silly tarball no local data for core-js-compat@https://registry.npmjs.org/core-js-compat/-/core-js-compat-3.47.0.tgz. Extracting by manifest.
475 silly tarball no local data for comment-json@https://registry.npmjs.org/comment-json/-/comment-json-4.5.1.tgz. Extracting by manifest.
476 silly tarball no local data for caniuse-lite@https://registry.npmjs.org/caniuse-lite/-/caniuse-lite-1.0.30001765.tgz. Extracting by manifest.
477 silly tarball no local data for @maplibre/mlt@https://registry.npmjs.org/@maplibre/mlt/-/mlt-1.1.8.tgz. Extracting by manifest.
478 silly tarball no local data for body-parser@https://registry.npmjs.org/body-parser/-/body-parser-1.20.4.tgz. Extracting by manifest.
479 silly tarball no local data for baseline-browser-mapping@https://registry.npmjs.org/baseline-browser-mapping/-/baseline-browser-mapping-2.9.16.tgz. Extracting by manifest.
480 silly tarball no local data for babel-plugin-syntax-hermes-parser@https://registry.npmjs.org/babel-plugin-syntax-hermes-parser/-/babel-plugin-syntax-hermes-parser-0.29.1.tgz. Extracting by manifest.
481 silly tarball no local data for babel-plugin-polyfill-regenerator@https://registry.npmjs.org/babel-plugin-polyfill-regenerator/-/babel-plugin-polyfill-regenerator-0.6.5.tgz. Extracting by manifest.
482 silly tarball no local data for babel-plugin-polyfill-corejs3@https://registry.npmjs.org/babel-plugin-polyfill-corejs3/-/babel-plugin-polyfill-corejs3-0.13.0.tgz. Extracting by manifest.
483 silly tarball no local data for babel-plugin-polyfill-corejs2@https://registry.npmjs.org/babel-plugin-polyfill-corejs2/-/babel-plugin-polyfill-corejs2-0.4.14.tgz. Extracting by manifest.
484 silly tarball no local data for ajv@https://registry.npmjs.org/ajv/-/ajv-6.12.6.tgz. Extracting by manifest.
485 silly tarball no local data for acorn@https://registry.npmjs.org/acorn/-/acorn-8.15.0.tgz. Extracting by manifest.
486 silly tarball no local data for brace-expansion@https://registry.npmjs.org/brace-expansion/-/brace-expansion-2.0.2.tgz. Extracting by manifest.
487 silly tarball no local data for minimatch@https://registry.npmjs.org/minimatch/-/minimatch-9.0.5.tgz. Extracting by manifest.
488 silly tarball no local data for semver@https://registry.npmjs.org/semver/-/semver-7.7.3.tgz. Extracting by manifest.
489 silly tarball no local data for jest-diff@https://registry.npmjs.org/jest-diff/-/jest-diff-30.2.0.tgz. Extracting by manifest.
490 silly tarball no local data for jest-matcher-utils@https://registry.npmjs.org/jest-matcher-utils/-/jest-matcher-utils-30.2.0.tgz. Extracting by manifest.
491 silly tarball no local data for pretty-format@https://registry.npmjs.org/pretty-format/-/pretty-format-30.2.0.tgz. Extracting by manifest.
492 silly tarball no local data for semver@https://registry.npmjs.org/semver/-/semver-7.7.3.tgz. Extracting by manifest.
493 silly tarball no local data for @babel/helper-define-polyfill-provider@https://registry.npmjs.org/@babel/helper-define-polyfill-provider/-/helper-define-polyfill-provider-0.6.5.tgz. Extracting by manifest.
494 silly tarball no local data for semver@https://registry.npmjs.org/semver/-/semver-7.7.3.tgz. Extracting by manifest.
495 silly tarball no local data for semver@https://registry.npmjs.org/semver/-/semver-7.7.3.tgz. Extracting by manifest.
496 silly tarball no local data for xmlbuilder@https://registry.npmjs.org/xmlbuilder/-/xmlbuilder-14.0.0.tgz. Extracting by manifest.
497 silly tarball no local data for xml2js@https://registry.npmjs.org/xml2js/-/xml2js-0.4.23.tgz. Extracting by manifest.
498 silly tarball no local data for write-file-atomic@https://registry.npmjs.org/write-file-atomic/-/write-file-atomic-2.4.3.tgz. Extracting by manifest.
499 silly tarball no local data for universalify@https://registry.npmjs.org/universalify/-/universalify-1.0.0.tgz. Extracting by manifest.
500 silly tarball no local data for jsonfile@https://registry.npmjs.org/jsonfile/-/jsonfile-6.2.0.tgz. Extracting by manifest.
501 silly tarball no local data for xmlbuilder@https://registry.npmjs.org/xmlbuilder/-/xmlbuilder-11.0.1.tgz. Extracting by manifest.
502 silly tarball no local data for universalify@https://registry.npmjs.org/universalify/-/universalify-2.0.1.tgz. Extracting by manifest.
503 silly tarball no local data for json5@https://registry.npmjs.org/json5/-/json5-1.0.2.tgz. Extracting by manifest.
504 silly tarball no local data for glob@https://registry.npmjs.org/glob/-/glob-7.1.6.tgz. Extracting by manifest.
505 silly tarball no local data for getenv@https://registry.npmjs.org/getenv/-/getenv-1.0.0.tgz. Extracting by manifest.
506 silly tarball no local data for fs-extra@https://registry.npmjs.org/fs-extra/-/fs-extra-9.0.0.tgz. Extracting by manifest.
507 silly tarball no local data for @expo/plist@https://registry.npmjs.org/@expo/plist/-/plist-0.0.13.tgz. Extracting by manifest.
508 silly tarball no local data for @expo/json-file@https://registry.npmjs.org/@expo/json-file/-/json-file-8.2.30.tgz. Extracting by manifest.
509 silly tarball no local data for @expo/config-plugins@https://registry.npmjs.org/@expo/config-plugins/-/config-plugins-2.0.4.tgz. Extracting by manifest.
510 silly tarball no local data for @expo/config-types@https://registry.npmjs.org/@expo/config-types/-/config-types-41.0.0.tgz. Extracting by manifest.
511 silly tarball no local data for @babel/code-frame@https://registry.npmjs.org/@babel/code-frame/-/code-frame-7.10.4.tgz. Extracting by manifest.
512 silly tarball no local data for glob@https://registry.npmjs.org/glob/-/glob-7.2.3.tgz. Extracting by manifest.
513 silly tarball no local data for semver@https://registry.npmjs.org/semver/-/semver-7.7.3.tgz. Extracting by manifest.
514 silly tarball no local data for semver@https://registry.npmjs.org/semver/-/semver-7.7.3.tgz. Extracting by manifest.
515 silly tarball no local data for minimatch@https://registry.npmjs.org/minimatch/-/minimatch-9.0.5.tgz. Extracting by manifest.
516 silly tarball no local data for semver@https://registry.npmjs.org/semver/-/semver-7.7.3.tgz. Extracting by manifest.
517 silly tarball no local data for semver@https://registry.npmjs.org/semver/-/semver-7.7.3.tgz. Extracting by manifest.
518 silly tarball no local data for semver@https://registry.npmjs.org/semver/-/semver-7.7.3.tgz. Extracting by manifest.
519 silly tarball no local data for semver@https://registry.npmjs.org/semver/-/semver-7.7.3.tgz. Extracting by manifest.
520 silly tarball no local data for semver@https://registry.npmjs.org/semver/-/semver-7.7.3.tgz. Extracting by manifest.
521 silly tarball no local data for lru-cache@https://registry.npmjs.org/lru-cache/-/lru-cache-11.2.4.tgz. Extracting by manifest.
522 silly tarball no local data for semver@https://registry.npmjs.org/semver/-/semver-7.7.3.tgz. Extracting by manifest.
523 silly tarball no local data for hermes-estree@https://registry.npmjs.org/hermes-estree/-/hermes-estree-0.32.0.tgz. Extracting by manifest.
524 silly tarball no local data for hermes-parser@https://registry.npmjs.org/hermes-parser/-/hermes-parser-0.32.0.tgz. Extracting by manifest.
525 silly tarball no local data for hermes-estree@https://registry.npmjs.org/hermes-estree/-/hermes-estree-0.32.0.tgz. Extracting by manifest.
526 silly tarball no local data for @expo/config@https://registry.npmjs.org/@expo/config/-/config-55.0.10.tgz. Extracting by manifest.
527 silly tarball no local data for @expo/config-plugins@https://registry.npmjs.org/@expo/config-plugins/-/config-plugins-55.0.7.tgz. Extracting by manifest.
528 silly tarball no local data for semver@https://registry.npmjs.org/semver/-/semver-7.7.3.tgz. Extracting by manifest.
529 silly tarball no local data for minimatch@https://registry.npmjs.org/minimatch/-/minimatch-10.1.1.tgz. Extracting by manifest.
530 silly tarball no local data for resolve@https://registry.npmjs.org/resolve/-/resolve-2.0.0-next.5.tgz. Extracting by manifest.
531 silly tarball no local data for ms@https://registry.npmjs.org/ms/-/ms-2.0.0.tgz. Extracting by manifest.
532 silly tarball no local data for debug@https://registry.npmjs.org/debug/-/debug-2.6.9.tgz. Extracting by manifest.
533 silly tarball no local data for path-scurry@https://registry.npmjs.org/path-scurry/-/path-scurry-1.11.1.tgz. Extracting by manifest.
534 silly tarball no local data for minipass@https://registry.npmjs.org/minipass/-/minipass-7.1.2.tgz. Extracting by manifest.
535 silly tarball no local data for minipass@https://registry.npmjs.org/minipass/-/minipass-4.2.8.tgz. Extracting by manifest.
536 silly tarball no local data for minimatch@https://registry.npmjs.org/minimatch/-/minimatch-8.0.4.tgz. Extracting by manifest.
537 silly tarball no local data for undici@https://registry.npmjs.org/undici/-/undici-6.24.1.tgz. Extracting by manifest.
538 silly tarball no local data for lru-cache@https://registry.npmjs.org/lru-cache/-/lru-cache-10.4.3.tgz. Extracting by manifest.
539 silly tarball no local data for brace-expansion@https://registry.npmjs.org/brace-expansion/-/brace-expansion-2.0.2.tgz. Extracting by manifest.
540 silly tarball no local data for glob@https://registry.npmjs.org/glob/-/glob-9.3.5.tgz. Extracting by manifest.
541 silly tarball no local data for hermes-parser@https://registry.npmjs.org/hermes-parser/-/hermes-parser-0.32.0.tgz. Extracting by manifest.
542 http fetch POST 200 https://registry.npmjs.org/-/npm/v1/security/advisories/bulk 414ms
543 silly audit report {
543 silly audit report   minimatch: [
543 silly audit report     {
543 silly audit report       id: 1113459,
543 silly audit report       url: 'https://github.com/advisories/GHSA-3ppc-4f35-3m26',
543 silly audit report       title: 'minimatch has a ReDoS via repeated wildcards with non-matching literal in pattern',
543 silly audit report       severity: 'high',
543 silly audit report       vulnerable_versions: '<3.1.3',
543 silly audit report       cwe: [Array],
543 silly audit report       cvss: [Object]
543 silly audit report     },
543 silly audit report     {
543 silly audit report       id: 1113464,
543 silly audit report       url: 'https://github.com/advisories/GHSA-3ppc-4f35-3m26',
543 silly audit report       title: 'minimatch has a ReDoS via repeated wildcards with non-matching literal in pattern',
543 silly audit report       severity: 'high',
543 silly audit report       vulnerable_versions: '>=8.0.0 <8.0.5',
543 silly audit report       cwe: [Array],
543 silly audit report       cvss: [Object]
543 silly audit report     },
543 silly audit report     {
543 silly audit report       id: 1113465,
543 silly audit report       url: 'https://github.com/advisories/GHSA-3ppc-4f35-3m26',
543 silly audit report       title: 'minimatch has a ReDoS via repeated wildcards with non-matching literal in pattern',
543 silly audit report       severity: 'high',
543 silly audit report       vulnerable_versions: '>=9.0.0 <9.0.6',
543 silly audit report       cwe: [Array],
543 silly audit report       cvss: [Object]
543 silly audit report     },
543 silly audit report     {
543 silly audit report       id: 1113466,
543 silly audit report       url: 'https://github.com/advisories/GHSA-3ppc-4f35-3m26',
543 silly audit report       title: 'minimatch has a ReDoS via repeated wildcards with non-matching literal in pattern',
543 silly audit report       severity: 'high',
543 silly audit report       vulnerable_versions: '>=10.0.0 <10.2.1',
543 silly audit report       cwe: [Array],
543 silly audit report       cvss: [Object]
543 silly audit report     },
543 silly audit report     {
543 silly audit report       id: 1113538,
543 silly audit report       url: 'https://github.com/advisories/GHSA-7r86-cg39-jmmj',
543 silly audit report       title: 'minimatch has ReDoS: matchOne() combinatorial backtracking via multiple non-adjacent GLOBSTAR segments',
543 silly audit report       severity: 'high',
543 silly audit report       vulnerable_versions: '<3.1.3',
543 silly audit report       cwe: [Array],
543 silly audit report       cvss: [Object]
543 silly audit report     },
543 silly audit report     {
543 silly audit report       id: 1113543,
543 silly audit report       url: 'https://github.com/advisories/GHSA-7r86-cg39-jmmj',
543 silly audit report       title: 'minimatch has ReDoS: matchOne() combinatorial backtracking via multiple non-adjacent GLOBSTAR segments',
543 silly audit report       severity: 'high',
543 silly audit report       vulnerable_versions: '>=8.0.0 <8.0.6',
543 silly audit report       cwe: [Array],
543 silly audit report       cvss: [Object]
543 silly audit report     },
543 silly audit report     {
543 silly audit report       id: 1113544,
543 silly audit report       url: 'https://github.com/advisories/GHSA-7r86-cg39-jmmj',
543 silly audit report       title: 'minimatch has ReDoS: matchOne() combinatorial backtracking via multiple non-adjacent GLOBSTAR segments',
543 silly audit report       severity: 'high',
543 silly audit report       vulnerable_versions: '>=9.0.0 <9.0.7',
543 silly audit report       cwe: [Array],
543 silly audit report       cvss: [Object]
543 silly audit report     },
543 silly audit report     {
543 silly audit report       id: 1113545,
543 silly audit report       url: 'https://github.com/advisories/GHSA-7r86-cg39-jmmj',
543 silly audit report       title: 'minimatch has ReDoS: matchOne() combinatorial backtracking via multiple non-adjacent GLOBSTAR segments',
543 silly audit report       severity: 'high',
543 silly audit report       vulnerable_versions: '>=10.0.0 <10.2.3',
543 silly audit report       cwe: [Array],
543 silly audit report       cvss: [Object]
543 silly audit report     },
543 silly audit report     {
543 silly audit report       id: 1113546,
543 silly audit report       url: 'https://github.com/advisories/GHSA-23c5-xmqv-rm74',
543 silly audit report       title: 'minimatch ReDoS: nested *() extglobs generate catastrophically backtracking regular expressions',
543 silly audit report       severity: 'high',
543 silly audit report       vulnerable_versions: '<3.1.4',
543 silly audit report       cwe: [Array],
543 silly audit report       cvss: [Object]
543 silly audit report     },
543 silly audit report     {
543 silly audit report       id: 1113551,
543 silly audit report       url: 'https://github.com/advisories/GHSA-23c5-xmqv-rm74',
543 silly audit report       title: 'minimatch ReDoS: nested *() extglobs generate catastrophically backtracking regular expressions',
543 silly audit report       severity: 'high',
543 silly audit report       vulnerable_versions: '>=8.0.0 <8.0.6',
543 silly audit report       cwe: [Array],
543 silly audit report       cvss: [Object]
543 silly audit report     },
543 silly audit report     {
543 silly audit report       id: 1113552,
543 silly audit report       url: 'https://github.com/advisories/GHSA-23c5-xmqv-rm74',
543 silly audit report       title: 'minimatch ReDoS: nested *() extglobs generate catastrophically backtracking regular expressions',
543 silly audit report       severity: 'high',
543 silly audit report       vulnerable_versions: '>=9.0.0 <9.0.7',
543 silly audit report       cwe: [Array],
543 silly audit report       cvss: [Object]
543 silly audit report     },
543 silly audit report     {
543 silly audit report       id: 1113553,
543 silly audit report       url: 'https://github.com/advisories/GHSA-23c5-xmqv-rm74',
543 silly audit report       title: 'minimatch ReDoS: nested *() extglobs generate catastrophically backtracking regular expressions',
543 silly audit report       severity: 'high',
543 silly audit report       vulnerable_versions: '>=10.0.0 <10.2.3',
543 silly audit report       cwe: [Array],
543 silly audit report       cvss: [Object]
543 silly audit report     }
543 silly audit report   ],
543 silly audit report   '@isaacs/brace-expansion': [
543 silly audit report     {
543 silly audit report       id: 1112954,
543 silly audit report       url: 'https://github.com/advisories/GHSA-7h2j-956f-4vf2',
543 silly audit report       title: '@isaacs/brace-expansion has Uncontrolled Resource Consumption',
543 silly audit report       severity: 'high',
543 silly audit report       vulnerable_versions: '<=5.0.0',
543 silly audit report       cwe: [Array],
543 silly audit report       cvss: [Object]
543 silly audit report     }
543 silly audit report   ],
543 silly audit report   xml2js: [
543 silly audit report     {
543 silly audit report       id: 1096693,
543 silly audit report       url: 'https://github.com/advisories/GHSA-776f-qx25-q3cc',
543 silly audit report       title: 'xml2js is vulnerable to prototype pollution',
543 silly audit report       severity: 'moderate',
543 silly audit report       vulnerable_versions: '<0.5.0',
543 silly audit report       cwe: [Array],
543 silly audit report       cvss: [Object]
543 silly audit report     }
543 silly audit report   ],
543 silly audit report   '@tootallnate/once': [
543 silly audit report     {
543 silly audit report       id: 1113977,
543 silly audit report       url: 'https://github.com/advisories/GHSA-vpq2-c234-7xj6',
543 silly audit report       title: '@tootallnate/once vulnerable to Incorrect Control Flow Scoping',
543 silly audit report       severity: 'low',
543 silly audit report       vulnerable_versions: '<3.0.1',
543 silly audit report       cwe: [Array],
543 silly audit report       cvss: [Object]
543 silly audit report     }
543 silly audit report   ],
543 silly audit report   ajv: [
543 silly audit report     {
543 silly audit report       id: 1113714,
543 silly audit report       url: 'https://github.com/advisories/GHSA-2g4f-4pwh-qvx6',
543 silly audit report       title: 'ajv has ReDoS when using `$data` option',
543 silly audit report       severity: 'moderate',
543 silly audit report       vulnerable_versions: '<6.14.0',
543 silly audit report       cwe: [Array],
543 silly audit report       cvss: [Object]
543 silly audit report     }
543 silly audit report   ],
543 silly audit report   'fast-xml-parser': [
543 silly audit report     {
543 silly audit report       id: 1113567,
543 silly audit report       url: 'https://github.com/advisories/GHSA-m7jm-9gc2-mpf2',
543 silly audit report       title: 'fast-xml-parser has an entity encoding bypass via regex injection in DOCTYPE entity names',
543 silly audit report       severity: 'critical',
543 silly audit report       vulnerable_versions: '>=4.1.3 <4.5.4',
543 silly audit report       cwe: [Array],
543 silly audit report       cvss: [Object]
543 silly audit report     },
543 silly audit report     {
543 silly audit report       id: 1113570,
543 silly audit report       url: 'https://github.com/advisories/GHSA-jmr7-xgp7-cmfj',
543 silly audit report       title: 'fast-xml-parser affected by DoS through entity expansion in DOCTYPE (no expansion limit)',
543 silly audit report       severity: 'high',
543 silly audit report       vulnerable_versions: '>=4.1.3 <4.5.4',
543 silly audit report       cwe: [Array],
543 silly audit report       cvss: [Object]
543 silly audit report     },
543 silly audit report     {
543 silly audit report       id: 1114149,
543 silly audit report       url: 'https://github.com/advisories/GHSA-fj3w-jwp8-x2g3',
543 silly audit report       title: 'fast-xml-parser has stack overflow in XMLBuilder with preserveOrder',
543 silly audit report       severity: 'low',
543 silly audit report       vulnerable_versions: '>=4.0.0-beta.0 <4.5.4',
543 silly audit report       cwe: [Array],
543 silly audit report       cvss: [Object]
543 silly audit report     },
543 silly audit report     {
543 silly audit report       id: 1114772,
543 silly audit report       url: 'https://github.com/advisories/GHSA-8gc5-j5rx-235r',
543 silly audit report       title: 'fast-xml-parser affected by numeric entity expansion bypassing all entity expansion limits (incomplete fix for CVE-2026-26278)',
543 silly audit report       severity: 'high',
543 silly audit report       vulnerable_versions: '>=4.0.0-beta.3 <=5.5.5',
543 silly audit report       cwe: [Array],
543 silly audit report       cvss: [Object]
543 silly audit report     },
543 silly audit report     {
543 silly audit report       id: 1114952,
543 silly audit report       url: 'https://github.com/advisories/GHSA-jp2q-39xq-3w4g',
543 silly audit report       title: 'Entity Expansion Limits Bypassed When Set to Zero Due to JavaScript Falsy Evaluation in fast-xml-parser',
543 silly audit report       severity: 'moderate',
543 silly audit report       vulnerable_versions: '>=4.0.0-beta.3 <=5.5.6',
543 silly audit report       cwe: [Array],
543 silly audit report       cvss: [Object]
543 silly audit report     }
543 silly audit report   ],
543 silly audit report   flatted: [
543 silly audit report     {
543 silly audit report       id: 1114526,
543 silly audit report       url: 'https://github.com/advisories/GHSA-25h7-pfq9-p65f',
543 silly audit report       title: 'flatted vulnerable to unbounded recursion DoS in parse() revive phase',
543 silly audit report       severity: 'high',
543 silly audit report       vulnerable_versions: '<3.4.0',
543 silly audit report       cwe: [Array],
543 silly audit report       cvss: [Object]
543 silly audit report     },
543 silly audit report     {
543 silly audit report       id: 1114934,
543 silly audit report       url: 'https://github.com/advisories/GHSA-rf6f-7fwh-wjgh',
543 silly audit report       title: 'Prototype Pollution via parse() in NodeJS flatted',
543 silly audit report       severity: 'high',
543 silly audit report       vulnerable_versions: '<=3.4.1',
543 silly audit report       cwe: [Array],
543 silly audit report       cvss: [Object]
543 silly audit report     }
543 silly audit report   ],
543 silly audit report   lodash: [
543 silly audit report     {
543 silly audit report       id: 1112455,
543 silly audit report       url: 'https://github.com/advisories/GHSA-xxjr-mmjv-4gpg',
543 silly audit report       title: 'Lodash has Prototype Pollution Vulnerability in `_.unset` and `_.omit` functions',
543 silly audit report       severity: 'moderate',
543 silly audit report       vulnerable_versions: '>=4.0.0 <=4.17.22',
543 silly audit report       cwe: [Array],
543 silly audit report       cvss: [Object]
543 silly audit report     }
543 silly audit report   ],
543 silly audit report   qs: [
543 silly audit report     {
543 silly audit report       id: 1113161,
543 silly audit report       url: 'https://github.com/advisories/GHSA-w7fw-mjwx-w883',
543 silly audit report       title: "qs's arrayLimit bypass in comma parsing allows denial of service",
543 silly audit report       severity: 'low',
543 silly audit report       vulnerable_versions: '>=6.7.0 <=6.14.1',
543 silly audit report       cwe: [Array],
543 silly audit report       cvss: [Object]
543 silly audit report     }
543 silly audit report   ],
543 silly audit report   svgo: [
543 silly audit report     {
543 silly audit report       id: 1114151,
543 silly audit report       url: 'https://github.com/advisories/GHSA-xpqw-6gx7-v673',
543 silly audit report       title: 'SVGO DoS through entity expansion in DOCTYPE (Billion Laughs)',
543 silly audit report       severity: 'high',
543 silly audit report       vulnerable_versions: '>=3.0.0 <3.3.3',
543 silly audit report       cwe: [Array],
543 silly audit report       cvss: [Object]
543 silly audit report     }
543 silly audit report   ],
543 silly audit report   xmldom: [
543 silly audit report     {
543 silly audit report       id: 1096547,
543 silly audit report       url: 'https://github.com/advisories/GHSA-5fg8-2547-mr8q',
543 silly audit report       title: 'Misinterpretation of malicious XML input',
543 silly audit report       severity: 'moderate',
543 silly audit report       vulnerable_versions: '<=0.6.0',
543 silly audit report       cwe: [Array],
543 silly audit report       cvss: [Object]
543 silly audit report     },
543 silly audit report     {
543 silly audit report       id: 1091573,
543 silly audit report       url: 'https://github.com/advisories/GHSA-crh6-fp67-6883',
543 silly audit report       title: 'xmldom allows multiple root nodes in a DOM',
543 silly audit report       severity: 'critical',
543 silly audit report       vulnerable_versions: '<=0.6.0',
543 silly audit report       cwe: [Array],
543 silly audit report       cvss: [Object]
543 silly audit report     }
543 silly audit report   ]
543 silly audit report }
544 silly packumentCache corgi:https://registry.npmjs.org/minimatch cache-miss
545 silly packumentCache corgi:https://registry.npmjs.org/@isaacs%2fbrace-expansion cache-miss
546 silly packumentCache corgi:https://registry.npmjs.org/xml2js cache-miss
547 silly packumentCache corgi:https://registry.npmjs.org/@tootallnate%2fonce cache-miss
548 silly packumentCache corgi:https://registry.npmjs.org/ajv cache-miss
549 silly packumentCache corgi:https://registry.npmjs.org/fast-xml-parser cache-miss
550 silly packumentCache corgi:https://registry.npmjs.org/flatted cache-miss
551 silly packumentCache corgi:https://registry.npmjs.org/lodash cache-miss
552 silly packumentCache corgi:https://registry.npmjs.org/qs cache-miss
553 silly packumentCache corgi:https://registry.npmjs.org/svgo cache-miss
554 silly packumentCache corgi:https://registry.npmjs.org/xmldom cache-miss
555 http fetch GET 200 https://registry.npmjs.org/core-util-is/-/core-util-is-1.0.3.tgz 356ms (cache miss)
556 http fetch GET 200 https://registry.npmjs.org/unique-string/-/unique-string-2.0.0.tgz 536ms (cache miss)
557 http fetch GET 200 https://registry.npmjs.org/global-dirs/-/global-dirs-0.1.1.tgz 526ms (cache miss)
558 http fetch GET 200 https://registry.npmjs.org/crypto-random-string/-/crypto-random-string-2.0.0.tgz 527ms (cache miss)
559 http fetch GET 200 https://registry.npmjs.org/type-is/-/type-is-1.6.18.tgz 632ms (cache miss)
560 http fetch GET 200 https://registry.npmjs.org/temp-dir/-/temp-dir-2.0.0.tgz 588ms (cache miss)
561 http fetch GET 200 https://registry.npmjs.org/util/-/util-0.12.5.tgz 605ms (cache miss)
562 http fetch GET 200 https://registry.npmjs.org/at-least-node/-/at-least-node-1.0.0.tgz 599ms (cache miss)
563 http fetch GET 200 https://registry.npmjs.org/@typescript-eslint/visitor-keys/-/visitor-keys-8.53.1.tgz 678ms (cache miss)
564 http fetch GET 200 https://registry.npmjs.org/object-is/-/object-is-1.1.6.tgz 631ms (cache miss)
565 http fetch GET 200 https://registry.npmjs.org/badgin/-/badgin-1.2.3.tgz 624ms (cache miss)
566 http fetch GET 200 https://registry.npmjs.org/@trysound/sax/-/sax-0.2.0.tgz 625ms (cache miss)
567 http fetch GET 200 https://registry.npmjs.org/@typescript-eslint/tsconfig-utils/-/tsconfig-utils-8.53.1.tgz 630ms (cache miss)
568 http fetch GET 200 https://registry.npmjs.org/xmldom/-/xmldom-0.5.0.tgz 643ms (cache miss)
569 http fetch GET 200 https://registry.npmjs.org/is-nan/-/is-nan-1.3.2.tgz 652ms (cache miss)
570 http fetch GET 200 https://registry.npmjs.org/@typescript-eslint/parser/-/parser-8.53.1.tgz 656ms (cache miss)
571 http fetch GET 200 https://registry.npmjs.org/assert/-/assert-2.1.0.tgz 673ms (cache miss)
572 http fetch GET 200 https://registry.npmjs.org/@typescript-eslint/project-service/-/project-service-8.53.1.tgz 668ms (cache miss)
573 http fetch GET 200 https://registry.npmjs.org/@isaacs/balanced-match/-/balanced-match-4.0.1.tgz 683ms (cache miss)
574 http fetch GET 200 https://registry.npmjs.org/is-arguments/-/is-arguments-1.2.0.tgz 673ms (cache miss)
575 http fetch GET 200 https://registry.npmjs.org/@isaacs/brace-expansion/-/brace-expansion-5.0.0.tgz 685ms (cache miss)
576 http fetch GET 200 https://registry.npmjs.org/@babel/plugin-transform-runtime/-/plugin-transform-runtime-7.28.5.tgz 772ms (cache miss)
577 http fetch GET 200 https://registry.npmjs.org/@typescript-eslint/types/-/types-8.53.1.tgz 719ms (cache miss)
578 http fetch GET 200 https://registry.npmjs.org/react-native-immediate-phone-call/-/react-native-immediate-phone-call-2.0.0.tgz 741ms (cache miss)
579 http fetch GET 200 https://registry.npmjs.org/@react-native-community/cli-types/-/cli-types-20.1.0.tgz 775ms (cache miss)
580 http fetch GET 200 https://registry.npmjs.org/@ide/backoff/-/backoff-1.0.0.tgz 787ms (cache miss)
581 http fetch GET 200 https://registry.npmjs.org/@react-native-community/cli-platform-ios/-/cli-platform-ios-20.1.0.tgz 821ms (cache miss)
582 http fetch GET 200 https://registry.npmjs.org/@typescript-eslint/type-utils/-/type-utils-8.53.1.tgz 838ms (cache miss)
583 http fetch GET 200 https://registry.npmjs.org/@sinclair/typebox/-/typebox-0.27.8.tgz 916ms (cache miss)
584 http fetch GET 200 https://registry.npmjs.org/@react-native-community/cli-clean/-/cli-clean-20.1.0.tgz 1124ms (cache miss)
585 http fetch GET 200 https://registry.npmjs.org/@react-native/babel-plugin-codegen/-/babel-plugin-codegen-0.81.5.tgz 1119ms (cache miss)
586 http fetch GET 200 https://registry.npmjs.org/@jest/diff-sequences/-/diff-sequences-30.0.1.tgz 1126ms (cache miss)
587 http fetch GET 200 https://registry.npmjs.org/@react-native/babel-preset/-/babel-preset-0.81.5.tgz 1137ms (cache miss)
588 http fetch GET 200 https://registry.npmjs.org/resolve-global/-/resolve-global-1.0.0.tgz 1150ms (cache miss)
589 http fetch GET 200 https://registry.npmjs.org/@eslint/js/-/js-9.39.2.tgz 1233ms (cache miss)
590 http fetch GET 200 https://registry.npmjs.org/@react-native-community/cli-config/-/cli-config-20.1.0.tgz 1267ms (cache miss)
591 http fetch GET 200 https://registry.npmjs.org/@expo/require-utils/-/require-utils-55.0.3.tgz 1293ms (cache miss)
592 http fetch GET 200 https://registry.npmjs.org/@babel/plugin-transform-duplicate-named-capturing-groups-regex/-/plugin-transform-duplicate-named-capturing-groups-regex-7.28.6.tgz 1341ms (cache miss)
593 http fetch GET 200 https://registry.npmjs.org/@babel/plugin-transform-named-capturing-groups-regex/-/plugin-transform-named-capturing-groups-regex-7.27.1.tgz 1343ms (cache miss)
594 http fetch GET 200 https://registry.npmjs.org/@babel/plugin-transform-async-generator-functions/-/plugin-transform-async-generator-functions-7.28.6.tgz 1367ms (cache miss)
595 http fetch GET 200 https://registry.npmjs.org/@expo/env/-/env-2.0.8.tgz 1480ms (cache miss)
596 http fetch GET 200 https://registry.npmjs.org/@babel/plugin-transform-modules-systemjs/-/plugin-transform-modules-systemjs-7.28.5.tgz 1604ms (cache miss)
597 http fetch GET 200 https://registry.npmjs.org/@typescript-eslint/typescript-estree/-/typescript-estree-8.53.1.tgz 1799ms (cache miss)
598 http fetch GET 200 https://registry.npmjs.org/@react-native-community/cli-server-api/-/cli-server-api-20.1.0.tgz 1795ms (cache miss)
599 http fetch GET 200 https://registry.npmjs.org/@supabase/postgrest-js/-/postgrest-js-2.93.3.tgz 1800ms (cache miss)
600 http fetch GET 200 https://registry.npmjs.org/strnum/-/strnum-1.1.2.tgz 1776ms (cache miss)
601 http fetch GET 200 https://registry.npmjs.org/@babel/compat-data/-/compat-data-7.28.6.tgz 1895ms (cache miss)
602 http fetch GET 200 https://registry.npmjs.org/sax/-/sax-1.4.4.tgz 1881ms (cache miss)
603 http fetch GET 200 https://registry.npmjs.org/@babel/plugin-proposal-decorators/-/plugin-proposal-decorators-7.28.6.tgz 1941ms (cache miss)
604 http fetch GET 200 https://registry.npmjs.org/@supabase/storage-js/-/storage-js-2.93.3.tgz 1988ms (cache miss)
605 http fetch GET 200 https://registry.npmjs.org/react-is/-/react-is-19.2.3.tgz 1953ms (cache miss)
606 http fetch GET 200 https://registry.npmjs.org/node-releases/-/node-releases-2.0.27.tgz 1963ms (cache miss)
607 http fetch GET 200 https://registry.npmjs.org/@babel/code-frame/-/code-frame-7.28.6.tgz 2000ms (cache miss)
608 http fetch GET 200 https://registry.npmjs.org/raw-body/-/raw-body-2.5.3.tgz 1987ms (cache miss)
609 http fetch GET 200 https://registry.npmjs.org/media-typer/-/media-typer-0.3.0.tgz 2011ms (cache miss)
610 http fetch GET 200 https://registry.npmjs.org/launch-editor/-/launch-editor-2.12.0.tgz 2021ms (cache miss)
611 http fetch GET 200 https://registry.npmjs.org/minimatch/-/minimatch-3.1.2.tgz 2026ms (cache miss)
612 http fetch GET 200 https://registry.npmjs.org/react-native-is-edge-to-edge/-/react-native-is-edge-to-edge-1.2.1.tgz 2097ms (cache miss)
613 http fetch GET 200 https://registry.npmjs.org/flatted/-/flatted-3.3.3.tgz 2088ms (cache miss)
614 http fetch GET 200 https://registry.npmjs.org/undici-types/-/undici-types-7.16.0.tgz 2127ms (cache miss)
615 http fetch GET 200 https://registry.npmjs.org/expo-application/-/expo-application-7.0.8.tgz 2186ms (cache miss)
616 http fetch GET 200 https://registry.npmjs.org/get-tsconfig/-/get-tsconfig-4.13.0.tgz 2148ms (cache miss)
617 http fetch GET 200 https://registry.npmjs.org/@eslint/config-array/-/config-array-0.21.1.tgz 2188ms (cache miss)
618 http fetch GET 200 https://registry.npmjs.org/electron-to-chromium/-/electron-to-chromium-1.5.267.tgz 2214ms (cache miss)
619 http fetch GET 200 https://registry.npmjs.org/@react-native-community/cli-tools/-/cli-tools-20.1.0.tgz 2289ms (cache miss)
620 http fetch GET 200 https://registry.npmjs.org/@babel/plugin-transform-regenerator/-/plugin-transform-regenerator-7.28.6.tgz 2262ms (cache miss)
621 http fetch GET 200 https://registry.npmjs.org/comment-json/-/comment-json-4.5.1.tgz 2259ms (cache miss)
622 http fetch GET 200 https://registry.npmjs.org/@typescript-eslint/utils/-/utils-8.53.1.tgz 2350ms (cache miss)
623 http fetch GET 200 https://registry.npmjs.org/qs/-/qs-6.14.1.tgz 2309ms (cache miss)
624 http fetch GET 200 https://registry.npmjs.org/minipass/-/minipass-7.1.2.tgz 2385ms (cache miss)
625 http fetch GET 200 https://registry.npmjs.org/babel-plugin-polyfill-regenerator/-/babel-plugin-polyfill-regenerator-0.6.5.tgz 2431ms (cache miss)
626 http fetch GET 200 https://registry.npmjs.org/babel-plugin-syntax-hermes-parser/-/babel-plugin-syntax-hermes-parser-0.29.1.tgz 2460ms (cache miss)
627 http fetch GET 200 https://registry.npmjs.org/body-parser/-/body-parser-1.20.4.tgz 2534ms (cache miss)
628 http fetch GET 200 https://registry.npmjs.org/path-scurry/-/path-scurry-2.0.1.tgz 2670ms (cache miss)
629 http fetch GET 200 https://registry.npmjs.org/i18next/-/i18next-25.8.19.tgz 2679ms (cache miss)
630 http fetch GET 200 https://registry.npmjs.org/@eslint/eslintrc/-/eslintrc-3.3.3.tgz 2726ms (cache miss)
631 http fetch GET 200 https://registry.npmjs.org/brace-expansion/-/brace-expansion-2.0.2.tgz 2695ms (cache miss)
632 http fetch GET 200 https://registry.npmjs.org/baseline-browser-mapping/-/baseline-browser-mapping-2.9.16.tgz 2701ms (cache miss)
633 http fetch GET 200 https://registry.npmjs.org/pretty-format/-/pretty-format-30.2.0.tgz 2721ms (cache miss)
634 http fetch GET 200 https://registry.npmjs.org/@babel/preset-env/-/preset-env-7.28.6.tgz 2787ms (cache miss)
635 http fetch GET 200 https://registry.npmjs.org/@expo/image-utils/-/image-utils-0.8.8.tgz 2826ms (cache miss)
636 http fetch GET 200 https://registry.npmjs.org/jest-matcher-utils/-/jest-matcher-utils-30.2.0.tgz 2784ms (cache miss)
637 http fetch GET 200 https://registry.npmjs.org/@react-native-community/cli-config-apple/-/cli-config-apple-20.1.0.tgz 2892ms (cache miss)
638 http fetch GET 200 https://registry.npmjs.org/jest-diff/-/jest-diff-30.2.0.tgz 2828ms (cache miss)
639 http fetch GET 200 https://registry.npmjs.org/babel-plugin-polyfill-corejs2/-/babel-plugin-polyfill-corejs2-0.4.14.tgz 2831ms (cache miss)
640 http fetch GET 200 https://registry.npmjs.org/write-file-atomic/-/write-file-atomic-2.4.3.tgz 2821ms (cache miss)
641 http fetch GET 200 https://registry.npmjs.org/jsonfile/-/jsonfile-6.2.0.tgz 2828ms (cache miss)
642 http fetch GET 200 https://registry.npmjs.org/glob/-/glob-7.1.6.tgz 2848ms (cache miss)
643 warn deprecated glob@7.1.6: Old versions of glob are not supported, and contain widely publicized security vulnerabilities, which have been fixed in the current version. Please update. Support for old versions may be purchased (at exorbitant rates) by contacting i@izs.me
644 http fetch GET 200 https://registry.npmjs.org/universalify/-/universalify-1.0.0.tgz 2855ms (cache miss)
645 http fetch GET 200 https://registry.npmjs.org/@expo/json-file/-/json-file-8.2.30.tgz 2854ms (cache miss)
646 http fetch GET 200 https://registry.npmjs.org/getenv/-/getenv-1.0.0.tgz 2874ms (cache miss)
647 http fetch GET 200 https://registry.npmjs.org/universalify/-/universalify-2.0.1.tgz 2878ms (cache miss)
648 http fetch GET 200 https://registry.npmjs.org/xml2js/-/xml2js-0.4.23.tgz 2900ms (cache miss)
649 http fetch GET 200 https://registry.npmjs.org/@supabase/supabase-js/-/supabase-js-2.93.3.tgz 2985ms (cache miss)
650 http fetch GET 200 https://registry.npmjs.org/hermes-estree/-/hermes-estree-0.29.1.tgz 2965ms (cache miss)
651 http fetch GET 200 https://registry.npmjs.org/core-js-compat/-/core-js-compat-3.47.0.tgz 2957ms (cache miss)
652 http fetch GET 200 https://registry.npmjs.org/glob/-/glob-7.2.3.tgz 2943ms (cache miss)
653 warn deprecated glob@7.2.3: Glob versions prior to v9 are no longer supported
654 http fetch GET 200 https://registry.npmjs.org/@babel/code-frame/-/code-frame-7.10.4.tgz 2967ms (cache miss)
655 http fetch GET 200 https://registry.npmjs.org/@expo/config-types/-/config-types-41.0.0.tgz 3036ms (cache miss)
656 http fetch GET 200 https://registry.npmjs.org/iconv-lite/-/iconv-lite-0.4.24.tgz 3109ms (cache miss)
657 http fetch GET 200 https://registry.npmjs.org/ms/-/ms-2.0.0.tgz 3131ms (cache miss)
658 http fetch GET 200 https://registry.npmjs.org/json5/-/json5-1.0.2.tgz 3158ms (cache miss)
659 http fetch GET 200 https://registry.npmjs.org/babel-plugin-polyfill-corejs3/-/babel-plugin-polyfill-corejs3-0.13.0.tgz 3254ms (cache miss)
660 http fetch GET 200 https://registry.npmjs.org/@babel/parser/-/parser-7.28.6.tgz 3293ms (cache miss)
661 http fetch GET 200 https://registry.npmjs.org/brace-expansion/-/brace-expansion-2.0.2.tgz 3320ms (cache miss)
662 http fetch GET 200 https://registry.npmjs.org/acorn/-/acorn-8.15.0.tgz 3366ms (cache miss)
663 http fetch GET 200 https://registry.npmjs.org/minipass/-/minipass-4.2.8.tgz 3348ms (cache miss)
664 http fetch GET 200 https://registry.npmjs.org/@types/node/-/node-25.0.9.tgz 3608ms (cache miss)
665 http fetch GET 200 https://registry.npmjs.org/debug/-/debug-2.6.9.tgz 3506ms (cache miss)
666 http fetch GET 200 https://registry.npmjs.org/@tootallnate%2fonce 3429ms (cache miss)
667 silly packumentCache corgi:https://registry.npmjs.org/@tootallnate%2fonce set size:undefined disposed:false
668 http fetch GET 200 https://registry.npmjs.org/@isaacs%2fbrace-expansion 3441ms (cache miss)
669 silly packumentCache corgi:https://registry.npmjs.org/@isaacs%2fbrace-expansion set size:undefined disposed:false
670 http fetch GET 200 https://registry.npmjs.org/xml2js 3449ms (cache miss)
671 silly packumentCache corgi:https://registry.npmjs.org/xml2js set size:undefined disposed:false
672 http fetch GET 200 https://registry.npmjs.org/@expo/plist/-/plist-0.0.13.tgz 3603ms (cache miss)
673 http fetch GET 200 https://registry.npmjs.org/@maplibre/geojson-vt/-/geojson-vt-6.0.4.tgz 3705ms (cache miss)
674 http fetch GET 200 https://registry.npmjs.org/lodash 3495ms (cache miss)
675 silly packumentCache corgi:https://registry.npmjs.org/lodash set size:undefined disposed:false
676 http fetch GET 200 https://registry.npmjs.org/flatted 3497ms (cache miss)
677 silly packumentCache corgi:https://registry.npmjs.org/flatted set size:undefined disposed:false
678 http fetch GET 200 https://registry.npmjs.org/xmldom 3499ms (cache miss)
679 silly packumentCache corgi:https://registry.npmjs.org/xmldom set size:undefined disposed:false
680 http fetch GET 200 https://registry.npmjs.org/minimatch 3555ms (cache miss)
681 silly packumentCache corgi:https://registry.npmjs.org/minimatch set size:undefined disposed:false
682 http fetch GET 200 https://registry.npmjs.org/qs 3612ms (cache miss)
683 silly packumentCache corgi:https://registry.npmjs.org/qs set size:undefined disposed:false
684 http fetch GET 200 https://registry.npmjs.org/svgo 3629ms (cache miss)
685 silly packumentCache corgi:https://registry.npmjs.org/svgo set size:undefined disposed:false
686 http fetch GET 200 https://registry.npmjs.org/jest-expo/-/jest-expo-55.0.11.tgz 3825ms (cache miss)
687 http fetch GET 200 https://registry.npmjs.org/fast-xml-parser 3682ms (cache miss)
688 silly packumentCache corgi:https://registry.npmjs.org/fast-xml-parser set size:undefined disposed:false
689 http fetch GET 200 https://registry.npmjs.org/@react-native-community/cli-config-android/-/cli-config-android-20.1.0.tgz 3968ms (cache miss)
690 http fetch GET 200 https://registry.npmjs.org/@babel/helper-define-polyfill-provider/-/helper-define-polyfill-provider-0.6.5.tgz 3913ms (cache miss)
691 http fetch GET 200 https://registry.npmjs.org/ajv 3796ms (cache miss)
692 silly packumentCache corgi:https://registry.npmjs.org/ajv set size:undefined disposed:false
693 http fetch GET 200 https://registry.npmjs.org/minipass/-/minipass-7.1.2.tgz 3994ms (cache miss)
694 silly packumentCache corgi:https://registry.npmjs.org/@eslint%2fconfig-array cache-miss
695 silly packumentCache corgi:https://registry.npmjs.org/@eslint%2feslintrc cache-miss
696 silly packumentCache corgi:https://registry.npmjs.org/glob cache-miss
697 silly packumentCache corgi:https://registry.npmjs.org/eslint cache-miss
698 silly packumentCache corgi:https://registry.npmjs.org/eslint-plugin-import cache-miss
699 silly packumentCache corgi:https://registry.npmjs.org/eslint-plugin-react cache-miss
700 silly packumentCache corgi:https://registry.npmjs.org/test-exclude cache-miss
701 http fetch GET 200 https://registry.npmjs.org/path-scurry/-/path-scurry-1.11.1.tgz 4132ms (cache miss)
702 http fetch GET 200 https://registry.npmjs.org/hermes-estree/-/hermes-estree-0.32.0.tgz 4139ms (cache miss)
703 http fetch GET 200 https://registry.npmjs.org/hermes-estree/-/hermes-estree-0.32.0.tgz 4160ms (cache miss)
704 http fetch GET 200 https://registry.npmjs.org/@supabase/functions-js/-/functions-js-2.93.3.tgz 4339ms (cache miss)
705 http fetch GET 200 https://registry.npmjs.org/cosmiconfig/-/cosmiconfig-9.0.0.tgz 4305ms (cache miss)
706 http fetch GET 200 https://registry.npmjs.org/@eslint%2fconfig-array 290ms (cache miss)
707 silly packumentCache corgi:https://registry.npmjs.org/@eslint%2fconfig-array set size:undefined disposed:false
708 http fetch GET 200 https://registry.npmjs.org/test-exclude 287ms (cache miss)
709 silly packumentCache corgi:https://registry.npmjs.org/test-exclude set size:undefined disposed:false
710 http fetch GET 200 https://registry.npmjs.org/semver/-/semver-7.7.3.tgz 4423ms (cache miss)
711 http fetch GET 200 https://registry.npmjs.org/xmlbuilder/-/xmlbuilder-11.0.1.tgz 4416ms (cache miss)
712 http fetch GET 200 https://registry.npmjs.org/@babel/generator/-/generator-7.28.6.tgz 4471ms (cache miss)
713 http fetch GET 200 https://registry.npmjs.org/semver/-/semver-7.7.3.tgz 4435ms (cache miss)
714 http fetch GET 200 https://registry.npmjs.org/@eslint%2feslintrc 331ms (cache miss)
715 silly packumentCache corgi:https://registry.npmjs.org/@eslint%2feslintrc set size:undefined disposed:false
716 http fetch GET 200 https://registry.npmjs.org/semver/-/semver-7.7.3.tgz 4450ms (cache miss)
717 http fetch GET 200 https://registry.npmjs.org/semver/-/semver-7.7.3.tgz 4470ms (cache miss)
718 http fetch GET 200 https://registry.npmjs.org/lru-cache/-/lru-cache-11.2.4.tgz 4456ms (cache miss)
719 http fetch GET 200 https://registry.npmjs.org/fs-extra/-/fs-extra-9.0.0.tgz 4475ms (cache miss)
720 http fetch GET 200 https://registry.npmjs.org/eslint-plugin-import 376ms (cache miss)
721 silly packumentCache corgi:https://registry.npmjs.org/eslint-plugin-import set size:undefined disposed:false
722 http fetch GET 200 https://registry.npmjs.org/glob 397ms (cache miss)
723 silly packumentCache corgi:https://registry.npmjs.org/glob set size:undefined disposed:false
724 http fetch GET 200 https://registry.npmjs.org/semver/-/semver-7.7.3.tgz 4519ms (cache miss)
725 http fetch GET 200 https://registry.npmjs.org/semver/-/semver-7.7.3.tgz 4523ms (cache miss)
726 http fetch GET 200 https://registry.npmjs.org/eslint-plugin-react 434ms (cache miss)
727 silly packumentCache corgi:https://registry.npmjs.org/eslint-plugin-react set size:undefined disposed:false
728 http fetch GET 200 https://registry.npmjs.org/semver/-/semver-7.7.3.tgz 4538ms (cache miss)
729 http fetch GET 200 https://registry.npmjs.org/semver/-/semver-7.7.3.tgz 4537ms (cache miss)
730 http fetch GET 200 https://registry.npmjs.org/semver/-/semver-7.7.3.tgz 4542ms (cache miss)
731 http fetch GET 200 https://registry.npmjs.org/semver/-/semver-7.7.3.tgz 4569ms (cache miss)
732 http fetch GET 200 https://registry.npmjs.org/semver/-/semver-7.7.3.tgz 4566ms (cache miss)
733 http fetch GET 200 https://registry.npmjs.org/lru-cache/-/lru-cache-10.4.3.tgz 4559ms (cache miss)
734 http fetch GET 200 https://registry.npmjs.org/xmlbuilder/-/xmlbuilder-14.0.0.tgz 4593ms (cache miss)
735 http fetch GET 200 https://registry.npmjs.org/semver/-/semver-7.7.3.tgz 4574ms (cache miss)
736 http fetch GET 200 https://registry.npmjs.org/semver/-/semver-7.7.3.tgz 4690ms (cache miss)
737 http fetch GET 200 https://registry.npmjs.org/expo-speech-recognition/-/expo-speech-recognition-3.1.0.tgz 4945ms (cache miss)
738 http fetch GET 200 https://registry.npmjs.org/eslint 836ms (cache miss)
739 silly packumentCache corgi:https://registry.npmjs.org/eslint set size:undefined disposed:false
740 http fetch GET 200 https://registry.npmjs.org/@babel/traverse/-/traverse-7.28.6.tgz 5074ms (cache miss)
741 http fetch GET 200 https://registry.npmjs.org/@babel/traverse/-/traverse-7.28.6.tgz 5105ms (cache miss)
742 http fetch GET 200 https://registry.npmjs.org/@expo/config/-/config-55.0.10.tgz 5134ms (cache miss)
743 http fetch GET 200 https://registry.npmjs.org/glob/-/glob-13.0.0.tgz 5248ms (cache miss)
744 silly packumentCache corgi:https://registry.npmjs.org/@expo%2ffingerprint cache-miss
745 silly packumentCache corgi:https://registry.npmjs.org/@typescript-eslint%2ftypescript-estree cache-miss
746 http fetch GET 200 https://registry.npmjs.org/svgo/-/svgo-3.3.2.tgz 5288ms (cache miss)
747 http fetch GET 200 https://registry.npmjs.org/minimatch/-/minimatch-9.0.5.tgz 5325ms (cache miss)
748 http fetch GET 200 https://registry.npmjs.org/@react-native-community/cli-platform-android/-/cli-platform-android-20.1.0.tgz 5443ms (cache miss)
749 http fetch GET 200 https://registry.npmjs.org/minimatch/-/minimatch-9.0.5.tgz 5405ms (cache miss)
750 http fetch GET 200 https://registry.npmjs.org/fast-xml-parser/-/fast-xml-parser-4.5.3.tgz 5497ms (cache miss)
751 http fetch GET 200 https://registry.npmjs.org/minimatch/-/minimatch-10.1.1.tgz 5475ms (cache miss)
752 http fetch GET 200 https://registry.npmjs.org/es-iterator-helpers/-/es-iterator-helpers-1.2.2.tgz 5572ms (cache miss)
753 http fetch GET 200 https://registry.npmjs.org/@expo%2ffingerprint 336ms (cache miss)
754 silly packumentCache corgi:https://registry.npmjs.org/@expo%2ffingerprint set size:undefined disposed:false
755 http fetch GET 200 https://registry.npmjs.org/minimatch/-/minimatch-8.0.4.tgz 5604ms (cache miss)
756 http fetch GET 200 https://registry.npmjs.org/@react-native-voice/voice/-/voice-3.2.4.tgz 5748ms (cache miss)
757 warn deprecated @react-native-voice/voice@3.2.4: This package is deprecated. Use expo-speech-recognition instead.
758 http fetch GET 200 https://registry.npmjs.org/@react-native-community/cli-platform-apple/-/cli-platform-apple-20.1.0.tgz 5857ms (cache miss)
759 http fetch GET 200 https://registry.npmjs.org/glob/-/glob-9.3.5.tgz 5959ms (cache miss)
760 http fetch GET 200 https://registry.npmjs.org/hermes-parser/-/hermes-parser-0.29.1.tgz 6267ms (cache miss)
761 http fetch GET 200 https://registry.npmjs.org/@supabase/realtime-js/-/realtime-js-2.93.3.tgz 6386ms (cache miss)
762 http fetch GET 200 https://registry.npmjs.org/ajv/-/ajv-6.12.6.tgz 6445ms (cache miss)
763 http fetch GET 200 https://registry.npmjs.org/hermes-parser/-/hermes-parser-0.32.0.tgz 6492ms (cache miss)
764 http fetch GET 200 https://registry.npmjs.org/hermes-parser/-/hermes-parser-0.32.0.tgz 6482ms (cache miss)
765 http fetch GET 200 https://registry.npmjs.org/resolve/-/resolve-2.0.0-next.5.tgz 6569ms (cache miss)
766 http fetch GET 200 https://registry.npmjs.org/@react-native-community/cli/-/cli-20.1.0.tgz 6756ms (cache miss)
767 http fetch GET 200 https://registry.npmjs.org/@babel/core/-/core-7.28.6.tgz 6740ms (cache miss)
768 http fetch GET 200 https://registry.npmjs.org/nativewind/-/nativewind-4.2.1.tgz 6788ms (cache miss)
769 http fetch GET 200 https://registry.npmjs.org/@react-native-community/cli-doctor/-/cli-doctor-20.1.0.tgz 6965ms (cache miss)
770 http fetch GET 200 https://registry.npmjs.org/@react-navigation/bottom-tabs/-/bottom-tabs-7.10.1.tgz 7181ms (cache miss)
771 http fetch GET 200 https://registry.npmjs.org/@typescript-eslint%2ftypescript-estree 1982ms (cache miss)
772 silly packumentCache corgi:https://registry.npmjs.org/@typescript-eslint%2ftypescript-estree set size:undefined disposed:false
773 silly packumentCache corgi:https://registry.npmjs.org/@expo%2fconfig-plugins cache-miss
774 http fetch GET 200 https://registry.npmjs.org/@babel/types/-/types-7.28.6.tgz 7631ms (cache miss)
775 http fetch GET 200 https://registry.npmjs.org/undici/-/undici-6.24.1.tgz 7662ms (cache miss)
776 http fetch GET 200 https://registry.npmjs.org/@react-native/codegen/-/codegen-0.81.5.tgz 7886ms (cache miss)
777 http fetch GET 200 https://registry.npmjs.org/@expo%2fconfig-plugins 365ms (cache miss)
778 silly packumentCache corgi:https://registry.npmjs.org/@expo%2fconfig-plugins set size:undefined disposed:false
779 http fetch GET 200 https://registry.npmjs.org/@typescript-eslint/scope-manager/-/scope-manager-8.53.1.tgz 8049ms (cache miss)
780 silly packumentCache corgi:https://registry.npmjs.org/http-proxy-agent cache-miss
781 http fetch GET 200 https://registry.npmjs.org/@expo/config-plugins/-/config-plugins-2.0.4.tgz 7996ms (cache miss)
782 http fetch GET 200 https://registry.npmjs.org/@supabase/auth-js/-/auth-js-2.93.3.tgz 8095ms (cache miss)
783 http fetch GET 200 https://registry.npmjs.org/http-proxy-agent 117ms (cache miss)
784 silly packumentCache corgi:https://registry.npmjs.org/http-proxy-agent set size:undefined disposed:false
785 http fetch GET 200 https://registry.npmjs.org/@expo/vector-icons/-/vector-icons-15.0.3.tgz 8258ms (cache miss)
786 silly packumentCache corgi:https://registry.npmjs.org/@react-native-community%2fcli-config-android cache-miss
787 silly packumentCache corgi:https://registry.npmjs.org/@react-native-community%2fcli-platform-apple cache-miss
788 http fetch GET 200 https://registry.npmjs.org/react-native-css-interop/-/react-native-css-interop-0.2.1.tgz 8302ms (cache miss)
789 http fetch GET 200 https://registry.npmjs.org/@react-native-community%2fcli-platform-apple 259ms (cache miss)
790 silly packumentCache corgi:https://registry.npmjs.org/@react-native-community%2fcli-platform-apple set size:undefined disposed:false
791 http fetch GET 200 https://registry.npmjs.org/@react-native-community%2fcli-config-android 265ms (cache miss)
792 silly packumentCache corgi:https://registry.npmjs.org/@react-native-community%2fcli-config-android set size:undefined disposed:false
793 http fetch GET 200 https://registry.npmjs.org/@maplibre/mlt/-/mlt-1.1.8.tgz 8521ms (cache miss)
794 silly packumentCache corgi:https://registry.npmjs.org/flat-cache cache-miss
795 http fetch GET 200 https://registry.npmjs.org/@expo/config-plugins/-/config-plugins-55.0.7.tgz 8636ms (cache miss)
796 http fetch GET 200 https://registry.npmjs.org/flat-cache 107ms (cache miss)
797 silly packumentCache corgi:https://registry.npmjs.org/flat-cache set size:undefined disposed:false
798 silly packumentCache corgi:https://registry.npmjs.org/jest-expo cache-miss
799 silly packumentCache corgi:https://registry.npmjs.org/react-native-ratings cache-miss
800 http fetch GET 200 https://registry.npmjs.org/jest-expo 200ms (cache miss)
801 silly packumentCache corgi:https://registry.npmjs.org/jest-expo set size:undefined disposed:false
802 http fetch GET 200 https://registry.npmjs.org/react-native-ratings 301ms (cache miss)
803 silly packumentCache corgi:https://registry.npmjs.org/react-native-ratings set size:undefined disposed:false
804 silly packumentCache corgi:https://registry.npmjs.org/body-parser cache-miss
805 http fetch GET 200 https://registry.npmjs.org/body-parser 90ms (cache miss)
806 silly packumentCache corgi:https://registry.npmjs.org/body-parser set size:undefined disposed:false
807 silly packumentCache corgi:https://registry.npmjs.org/@svgr%2fplugin-svgo cache-miss
808 http fetch GET 200 https://registry.npmjs.org/dayjs/-/dayjs-1.11.19.tgz 9182ms (cache miss)
809 http fetch GET 200 https://registry.npmjs.org/lodash/-/lodash-4.17.21.tgz 9208ms (cache miss)
810 http fetch GET 200 https://registry.npmjs.org/@svgr%2fplugin-svgo 109ms (cache miss)
811 silly packumentCache corgi:https://registry.npmjs.org/@svgr%2fplugin-svgo set size:undefined disposed:false
812 http fetch GET 200 https://registry.npmjs.org/@typescript-eslint/eslint-plugin/-/eslint-plugin-8.53.1.tgz 9358ms (cache miss)
813 silly packumentCache corgi:https://registry.npmjs.org/@expo%2fplist cache-miss
814 http fetch GET 200 https://registry.npmjs.org/eslint/-/eslint-9.39.2.tgz 9384ms (cache miss)
815 http fetch GET 200 https://registry.npmjs.org/@expo%2fplist 170ms (cache miss)
816 silly packumentCache corgi:https://registry.npmjs.org/@expo%2fplist set size:undefined disposed:false
817 silly packumentCache corgi:https://registry.npmjs.org/@react-native-voice%2fvoice cache-miss
818 http fetch GET 200 https://registry.npmjs.org/@react-native-voice%2fvoice 131ms (cache miss)
819 silly packumentCache corgi:https://registry.npmjs.org/@react-native-voice%2fvoice set size:undefined disposed:false
820 http fetch GET 200 https://registry.npmjs.org/expo-notifications/-/expo-notifications-0.32.16.tgz 9717ms (cache miss)
821 silly packumentCache corgi:https://registry.npmjs.org/jsdom cache-miss
822 http fetch GET 200 https://registry.npmjs.org/jsdom 100ms (cache miss)
823 silly packumentCache corgi:https://registry.npmjs.org/jsdom set size:undefined disposed:false
824 silly packumentCache corgi:https://registry.npmjs.org/jest-environment-jsdom cache-miss
825 http fetch GET 200 https://registry.npmjs.org/caniuse-lite/-/caniuse-lite-1.0.30001765.tgz 9922ms (cache miss)
826 http fetch GET 200 https://registry.npmjs.org/jest-environment-jsdom 124ms (cache miss)
827 silly packumentCache corgi:https://registry.npmjs.org/jest-environment-jsdom set size:undefined disposed:false
828 http fetch GET 200 https://registry.npmjs.org/maplibre-gl/-/maplibre-gl-5.20.2.tgz 10425ms (cache miss)
829 silly ADD node_modules/xmldom
830 silly ADD node_modules/util
831 silly ADD node_modules/unique-string
832 silly ADD node_modules/temp-dir
833 silly ADD node_modules/resolve-global
834 silly ADD node_modules/react-native-immediate-phone-call
835 silly ADD node_modules/object-is
836 silly ADD node_modules/is-nan
837 silly ADD node_modules/is-arguments
838 silly ADD node_modules/global-dirs
839 silly ADD node_modules/expo-notifications
840 silly ADD node_modules/expo-application
841 silly ADD node_modules/crypto-random-string
842 silly ADD node_modules/core-util-is
843 silly ADD node_modules/badgin
844 silly ADD node_modules/at-least-node
845 silly ADD node_modules/assert
846 silly ADD node_modules/@trysound/sax
847 silly ADD node_modules/@isaacs/brace-expansion
848 silly ADD node_modules/@isaacs/balanced-match
849 silly ADD node_modules/@ide/backoff
850 silly CHANGE node_modules/@typescript-eslint/visitor-keys
851 silly REMOVE node_modules/@typescript-eslint/visitor-keys/node_modules/eslint-visitor-keys
852 silly CHANGE node_modules/@typescript-eslint/utils
853 silly CHANGE node_modules/@typescript-eslint/typescript-estree
854 silly CHANGE node_modules/@typescript-eslint/typescript-estree/node_modules/brace-expansion
855 silly CHANGE node_modules/@typescript-eslint/typescript-estree/node_modules/minimatch
856 silly CHANGE node_modules/@typescript-eslint/typescript-estree/node_modules/semver
857 silly REMOVE node_modules/@typescript-eslint/typescript-estree/node_modules/balanced-match
858 silly CHANGE node_modules/@typescript-eslint/tsconfig-utils
859 silly CHANGE node_modules/@typescript-eslint/type-utils
860 silly CHANGE node_modules/@typescript-eslint/types
861 silly CHANGE node_modules/@react-native-community/cli-platform-ios
862 silly CHANGE node_modules/@typescript-eslint/scope-manager
863 silly CHANGE node_modules/@typescript-eslint/project-service
864 silly CHANGE node_modules/@typescript-eslint/parser
865 silly CHANGE node_modules/@typescript-eslint/eslint-plugin
866 silly CHANGE node_modules/@types/node
867 silly CHANGE node_modules/@testing-library/react-native/node_modules/jest-matcher-utils
868 silly CHANGE node_modules/@testing-library/react-native/node_modules/jest-diff
869 silly CHANGE node_modules/@testing-library/react-native/node_modules/pretty-format
870 silly CHANGE node_modules/@supabase/supabase-js
871 silly CHANGE node_modules/@supabase/storage-js
872 silly CHANGE node_modules/@supabase/realtime-js
873 silly CHANGE node_modules/@supabase/functions-js
874 silly CHANGE node_modules/@supabase/postgrest-js
875 silly CHANGE node_modules/@supabase/auth-js
876 silly CHANGE node_modules/@sinclair/typebox
877 silly CHANGE node_modules/@react-native-community/cli-types
878 silly CHANGE node_modules/@react-native-community/cli-tools
879 silly CHANGE node_modules/@react-native-community/cli-tools/node_modules/semver
880 silly CHANGE node_modules/@react-native-community/cli-platform-apple
881 silly CHANGE node_modules/@react-native-community/cli-server-api
882 silly CHANGE node_modules/@react-navigation/bottom-tabs
883 silly CHANGE node_modules/@react-native-community/cli-platform-android
884 silly CHANGE node_modules/@react-native-community/cli-config-apple
885 silly CHANGE node_modules/@react-native-community/cli-doctor
886 silly CHANGE node_modules/@react-native-community/cli-doctor/node_modules/semver
887 silly CHANGE node_modules/@react-native-community/cli-config-android
888 silly CHANGE node_modules/@react-native-community/cli-clean
889 silly CHANGE node_modules/@react-native-community/cli-config
890 silly CHANGE node_modules/@react-native-community/cli
891 silly CHANGE node_modules/@react-native-community/cli/node_modules/semver
892 silly CHANGE node_modules/@react-native-voice/voice
893 silly ADD node_modules/@react-native-voice/voice/node_modules/xmlbuilder
894 silly ADD node_modules/@react-native-voice/voice/node_modules/xml2js
895 silly ADD node_modules/@react-native-voice/voice/node_modules/xml2js/node_modules/xmlbuilder
896 silly ADD node_modules/@react-native-voice/voice/node_modules/write-file-atomic
897 silly ADD node_modules/@react-native-voice/voice/node_modules/universalify
898 silly ADD node_modules/@react-native-voice/voice/node_modules/jsonfile
899 silly ADD node_modules/@react-native-voice/voice/node_modules/jsonfile/node_modules/universalify
900 silly ADD node_modules/@react-native-voice/voice/node_modules/json5
901 silly ADD node_modules/@react-native-voice/voice/node_modules/glob
902 silly ADD node_modules/@react-native-voice/voice/node_modules/getenv
903 silly ADD node_modules/@react-native-voice/voice/node_modules/fs-extra
904 silly ADD node_modules/@react-native-voice/voice/node_modules/@expo/plist
905 silly ADD node_modules/@react-native-voice/voice/node_modules/@expo/json-file
906 silly ADD node_modules/@react-native-voice/voice/node_modules/@expo/config-types
907 silly ADD node_modules/@react-native-voice/voice/node_modules/@expo/config-plugins
908 silly ADD node_modules/@react-native-voice/voice/node_modules/@babel/code-frame
909 silly CHANGE node_modules/@react-native/codegen
910 silly ADD node_modules/@react-native/codegen/node_modules/glob
911 silly CHANGE node_modules/@react-native/babel-preset
912 silly CHANGE node_modules/@react-native/community-cli-plugin/node_modules/semver
913 silly CHANGE node_modules/@react-native/babel-plugin-codegen
914 silly CHANGE node_modules/@maplibre/mlt
915 silly CHANGE node_modules/@maplibre/geojson-vt
916 silly CHANGE node_modules/@jest/diff-sequences
917 silly CHANGE node_modules/@expo/vector-icons
918 silly CHANGE node_modules/@expo/require-utils
919 silly CHANGE node_modules/@expo/prebuild-config/node_modules/semver
920 silly REMOVE node_modules/@expo/metro-config/node_modules/hermes-estree
921 silly REMOVE node_modules/@expo/metro-config/node_modules/path-scurry
922 silly REMOVE node_modules/@expo/metro-config/node_modules/lru-cache
923 silly REMOVE node_modules/@expo/metro-config/node_modules/glob
924 silly REMOVE node_modules/@expo/metro-config/node_modules/glob/node_modules/minimatch
925 silly REMOVE node_modules/@expo/metro-config/node_modules/glob/node_modules/brace-expansion
926 silly REMOVE node_modules/@expo/metro-config/node_modules/glob/node_modules/balanced-match
927 silly REMOVE node_modules/@expo/metro-config/node_modules/hermes-parser
928 silly CHANGE node_modules/@expo/fingerprint/node_modules/semver
929 silly CHANGE node_modules/@expo/fingerprint/node_modules/minimatch
930 silly REMOVE node_modules/@expo/fingerprint/node_modules/path-scurry
931 silly REMOVE node_modules/@expo/fingerprint/node_modules/lru-cache
932 silly REMOVE node_modules/@expo/fingerprint/node_modules/glob
933 silly REMOVE node_modules/@expo/fingerprint/node_modules/glob/node_modules/balanced-match
934 silly REMOVE node_modules/@expo/fingerprint/node_modules/glob/node_modules/minimatch
935 silly REMOVE node_modules/@expo/fingerprint/node_modules/glob/node_modules/brace-expansion
936 silly CHANGE node_modules/@expo/image-utils
937 silly CHANGE node_modules/@expo/image-utils/node_modules/semver
938 silly REMOVE node_modules/@expo/config/node_modules/path-scurry
939 silly CHANGE node_modules/@expo/config/node_modules/semver
940 silly REMOVE node_modules/@expo/config/node_modules/minimatch
941 silly REMOVE node_modules/@expo/config/node_modules/lru-cache
942 silly REMOVE node_modules/@expo/config/node_modules/glob
943 silly REMOVE node_modules/@expo/config/node_modules/brace-expansion
944 silly REMOVE node_modules/@expo/config/node_modules/balanced-match
945 silly CHANGE node_modules/@expo/config-plugins/node_modules/semver
946 silly REMOVE node_modules/@expo/config-plugins/node_modules/lru-cache
947 silly REMOVE node_modules/@expo/config-plugins/node_modules/minimatch
948 silly REMOVE node_modules/@expo/config-plugins/node_modules/path-scurry
949 silly REMOVE node_modules/@expo/config-plugins/node_modules/glob
950 silly REMOVE node_modules/@expo/config-plugins/node_modules/balanced-match
951 silly REMOVE node_modules/@expo/config-plugins/node_modules/brace-expansion
952 silly CHANGE node_modules/@expo/env
953 silly CHANGE node_modules/@eslint/eslintrc
954 silly CHANGE node_modules/@eslint/js
955 silly CHANGE node_modules/@eslint/config-array
956 silly CHANGE node_modules/@babel/types
957 silly CHANGE node_modules/@babel/traverse
958 silly CHANGE node_modules/@babel/traverse--for-generate-function-map
959 silly CHANGE node_modules/@babel/preset-env
960 silly CHANGE node_modules/@babel/plugin-transform-runtime
961 silly REMOVE node_modules/@babel/plugin-transform-runtime/node_modules/babel-plugin-polyfill-corejs3
962 silly CHANGE node_modules/@babel/plugin-transform-regenerator
963 silly CHANGE node_modules/@babel/plugin-transform-named-capturing-groups-regex
964 silly CHANGE node_modules/@babel/plugin-transform-modules-systemjs
965 silly CHANGE node_modules/@babel/plugin-transform-duplicate-named-capturing-groups-regex
966 silly CHANGE node_modules/@babel/plugin-transform-async-generator-functions
967 silly CHANGE node_modules/@babel/plugin-proposal-decorators
968 silly CHANGE node_modules/@babel/parser
969 silly CHANGE node_modules/@babel/helper-define-polyfill-provider
970 silly CHANGE node_modules/@babel/generator
971 silly CHANGE node_modules/@babel/compat-data
972 silly CHANGE node_modules/@babel/core
973 silly CHANGE node_modules/@babel/code-frame
974 silly CHANGE node_modules/undici-types
975 silly CHANGE node_modules/undici
976 silly CHANGE node_modules/type-is
977 silly REMOVE node_modules/type-is/node_modules/mime-types
978 silly CHANGE node_modules/svgo
979 silly CHANGE node_modules/strnum
980 silly REMOVE node_modules/strict-url-sanitise
981 silly CHANGE node_modules/sax
982 silly CHANGE node_modules/react-native-is-edge-to-edge
983 silly CHANGE node_modules/raw-body
984 silly CHANGE node_modules/react-native-css-interop
985 silly CHANGE node_modules/react-native-css-interop/node_modules/semver
986 silly REMOVE node_modules/react-native/node_modules/@react-native/codegen
987 silly CHANGE node_modules/react-native/node_modules/semver
988 silly REMOVE node_modules/react-native/node_modules/hermes-parser
989 silly REMOVE node_modules/react-native/node_modules/hermes-estree
990 silly REMOVE node_modules/react-native/node_modules/babel-plugin-syntax-hermes-parser
991 silly CHANGE node_modules/react-is
992 silly CHANGE node_modules/qs
993 silly CHANGE node_modules/path-scurry
994 silly CHANGE node_modules/path-scurry/node_modules/lru-cache
995 silly REMOVE node_modules/path-expression-matcher
996 silly CHANGE node_modules/node-releases
997 silly REMOVE node_modules/node-exports-info
998 silly ADD node_modules/metro-babel-transformer/node_modules/hermes-parser
999 silly ADD node_modules/metro-babel-transformer/node_modules/hermes-estree
1000 silly CHANGE node_modules/nativewind
1001 silly CHANGE node_modules/minipass
1002 silly CHANGE node_modules/minimatch
1003 silly ADD node_modules/metro/node_modules/hermes-parser
1004 silly ADD node_modules/metro/node_modules/hermes-estree
1005 silly CHANGE node_modules/media-typer
1006 silly CHANGE node_modules/maplibre-gl
1007 silly CHANGE node_modules/lodash
1008 silly CHANGE node_modules/launch-editor
1009 silly CHANGE node_modules/jest-expo
1010 silly CHANGE node_modules/jest-expo/node_modules/@expo/config
1011 silly CHANGE node_modules/jest-expo/node_modules/@expo/config-plugins
1012 silly REMOVE node_modules/jest-expo/node_modules/balanced-match
1013 silly REMOVE node_modules/jest-expo/node_modules/path-scurry
1014 silly REMOVE node_modules/jest-expo/node_modules/lru-cache
1015 silly REMOVE node_modules/jest-expo/node_modules/minimatch
1016 silly REMOVE node_modules/jest-expo/node_modules/glob
1017 silly REMOVE node_modules/jest-expo/node_modules/brace-expansion
1018 silly CHANGE node_modules/is-bun-module/node_modules/semver
1019 silly CHANGE node_modules/iconv-lite
1020 silly CHANGE node_modules/i18next
1021 silly CHANGE node_modules/hermes-estree
1022 silly CHANGE node_modules/hermes-parser
1023 silly CHANGE node_modules/glob
1024 silly CHANGE node_modules/glob/node_modules/minimatch
1025 silly REMOVE node_modules/glob/node_modules/minipass
1026 silly CHANGE node_modules/get-tsconfig
1027 silly CHANGE node_modules/flatted
1028 silly CHANGE node_modules/fast-xml-parser
1029 silly REMOVE node_modules/fast-xml-builder
1030 silly CHANGE node_modules/expo-speech-recognition
1031 silly REMOVE node_modules/expo/node_modules/path-scurry
1032 silly REMOVE node_modules/expo/node_modules/lru-cache
1033 silly REMOVE node_modules/expo/node_modules/glob
1034 silly REMOVE node_modules/expo/node_modules/glob/node_modules/brace-expansion
1035 silly REMOVE node_modules/expo/node_modules/glob/node_modules/balanced-match
1036 silly REMOVE node_modules/expo/node_modules/glob/node_modules/minimatch
1037 silly CHANGE node_modules/eslint-plugin-react/node_modules/resolve
1038 silly CHANGE node_modules/eslint
1039 silly CHANGE node_modules/es-iterator-helpers
1040 silly CHANGE node_modules/electron-to-chromium
1041 silly CHANGE node_modules/dayjs
1042 silly CHANGE node_modules/cosmiconfig
1043 silly CHANGE node_modules/core-js-compat
1044 silly CHANGE node_modules/comment-json
1045 silly CHANGE node_modules/caniuse-lite
1046 silly CHANGE node_modules/body-parser
1047 silly ADD node_modules/body-parser/node_modules/ms
1048 silly ADD node_modules/body-parser/node_modules/debug
1049 silly CHANGE node_modules/baseline-browser-mapping
1050 silly REMOVE node_modules/babel-preset-expo/node_modules/@react-native/codegen
1051 silly REMOVE node_modules/babel-preset-expo/node_modules/@react-native/babel-plugin-codegen
1052 silly REMOVE node_modules/babel-preset-expo/node_modules/@react-native/babel-preset
1053 silly REMOVE node_modules/babel-preset-expo/node_modules/hermes-parser
1054 silly REMOVE node_modules/babel-preset-expo/node_modules/hermes-estree
1055 silly REMOVE node_modules/babel-preset-expo/node_modules/glob
1056 silly REMOVE node_modules/babel-preset-expo/node_modules/babel-plugin-syntax-hermes-parser
1057 silly ADD node_modules/babel-plugin-module-resolver/node_modules/path-scurry
1058 silly ADD node_modules/babel-plugin-module-resolver/node_modules/path-scurry/node_modules/minipass
1059 silly ADD node_modules/babel-plugin-module-resolver/node_modules/minipass
1060 silly ADD node_modules/babel-plugin-module-resolver/node_modules/minimatch
1061 silly ADD node_modules/babel-plugin-module-resolver/node_modules/lru-cache
1062 silly ADD node_modules/babel-plugin-module-resolver/node_modules/glob
1063 silly ADD node_modules/babel-plugin-module-resolver/node_modules/brace-expansion
1064 silly CHANGE node_modules/babel-plugin-syntax-hermes-parser
1065 silly CHANGE node_modules/babel-plugin-polyfill-regenerator
1066 silly CHANGE node_modules/babel-plugin-polyfill-corejs3
1067 silly CHANGE node_modules/babel-plugin-polyfill-corejs2
1068 silly CHANGE node_modules/ajv
1069 silly CHANGE node_modules/acorn
1070 verbose cwd /Users/mhgagana/Documents/Safety-on-Speed
1071 verbose os Darwin 25.3.0
1072 verbose node v25.3.0
1073 verbose npm  v11.6.2
1074 notice
1074 notice New minor version of npm available! 11.6.2 -> 11.12.0
1074 notice Changelog: https://github.com/npm/cli/releases/tag/v11.12.0
1074 notice To update run: npm install -g npm@11.12.0
1074 notice  { force: true, Symbol(proc-log.meta): true }
1075 verbose exit 0
1076 info ok
